x,y,angle,distance
0.0,0.0,0.7854,0.0
0.0707,0.0707,0.7854,0.1
0.1414,0.1414,0.7854,0.2
0.2121,0.2121,0.7854,0.3
0.2828,0.2828,0.7854,0.4
0.3536,0.3535,0.7854,0.5
0.4243,0.4243,0.7853,0.6
0.495,0.495,0.7853,0.7
0.5657,0.5657,0.7853,0.8
0.6364,0.6364,0.7853,0.9
0.7071,0.7071,0.7852,1.0
0.7779,0.7778,0.7852,1.1
0.8486,0.8485,0.7852,1.2
0.9193,0.9192,0.7851,1.3
0.99,0.9899,0.7851,1.4
1.0608,1.0605,0.785,1.5
1.1315,1.1312,0.785,1.6
1.2023,1.2019,0.7849,1.7
1.273,1.2726,0.7849,1.8
1.3437,1.3433,0.7848,1.9
1.4145,1.4139,0.7848,2.0
1.4853,1.4846,0.7847,2.1
1.556,1.5553,0.7846,2.2
1.6268,1.6259,0.7846,2.3
1.6975,1.6966,0.7845,2.4
1.7683,1.7672,0.7844,2.5
1.8391,1.8379,0.7843,2.6
1.9099,1.9085,0.7843,2.7
1.9807,1.9791,0.7842,2.8
2.0515,2.0497,0.7841,2.9
2.1223,2.1204,0.784,3.0
2.1931,2.191,0.7839,3.1
2.2639,2.2616,0.7838,3.2
2.3347,2.3322,0.7837,3.3
2.4056,2.4028,0.7836,3.4
2.4764,2.4734,0.7835,3.5
2.5472,2.5439,0.7834,3.6
2.6181,2.6145,0.7833,3.7
2.689,2.6851,0.7832,3.8
2.7598,2.7556,0.783,3.9
2.8307,2.8262,0.7829,4.0
2.9016,2.8967,0.7828,4.1
2.9725,2.9672,0.7827,4.2
3.0434,3.0377,0.7825,4.3
3.1143,3.1082,0.7824,4.4
3.1852,3.1787,0.7823,4.5
3.2561,3.2492,0.7821,4.6
3.3271,3.3197,0.782,4.7
3.398,3.3902,0.7818,4.8
3.469,3.4606,0.7817,4.9
3.54,3.5311,0.7815,5.0
3.611,3.6015,0.7814,5.1
3.6819,3.672,0.7812,5.2
3.753,3.7424,0.7811,5.3
3.824,3.8128,0.7809,5.4
3.895,3.8832,0.7807,5.5
3.966,3.9535,0.7806,5.6
4.0371,4.0239,0.7804,5.7
4.1082,4.0943,0.7802,5.8
4.1792,4.1646,0.78,5.9
4.2503,4.2349,0.7798,6.0
4.3214,4.3053,0.7797,6.1
4.3925,4.3756,0.7795,6.2
4.4637,4.4458,0.7793,6.3
4.5348,4.5161,0.7791,6.4
4.606,4.5864,0.7789,6.5
4.6771,4.6566,0.7787,6.6
4.7483,4.7269,0.7785,6.7
4.8195,4.7971,0.7783,6.8
4.8907,4.8673,0.778,6.9
4.962,4.9375,0.7778,7.0
5.0332,5.0076,0.7776,7.1
5.1045,5.0778,0.7774,7.2
5.1757,5.1479,0.7771,7.3
5.247,5.2181,0.7769,7.4
5.3183,5.2882,0.7767,7.5
5.3897,5.3583,0.7764,7.6
5.461,5.4283,0.7762,7.7
5.5324,5.4984,0.776,7.8
5.6037,5.5684,0.7757,7.9
5.6751,5.6385,0.7755,8.0
5.7465,5.7085,0.7752,8.1
5.818,5.7785,0.775,8.2
5.8894,5.8484,0.7747,8.3
5.9609,5.9184,0.7744,8.4
6.0324,5.9883,0.7742,8.5
6.1039,6.0582,0.7739,8.6
6.1754,6.1281,0.7736,8.7
6.2469,6.198,0.7733,8.8
6.3185,6.2678,0.7731,8.9
6.3901,6.3377,0.7728,9.0
6.4617,6.4075,0.7725,9.1
6.5333,6.4773,0.7722,9.2
6.6049,6.547,0.7719,9.3
6.6766,6.6168,0.7716,9.4
6.7483,6.6865,0.7713,9.5
6.82,6.7562,0.771,9.6
6.8917,6.8259,0.7707,9.7
6.9634,6.8956,0.7704,9.8
7.0352,6.9652,0.77,9.9
7.107,7.0348,0.7697,10.0
7.1788,7.1044,0.7694,10.1
7.2506,7.174,0.7691,10.2
7.3225,7.2435,0.7687,10.3
7.3944,7.3131,0.7684,10.4
7.4663,7.3826,0.7681,10.5
7.5382,7.452,0.7677,10.6
7.6101,7.5215,0.7674,10.7
7.6821,7.5909,0.767,10.8
7.7541,7.6603,0.7667,10.9
7.8261,7.7297,0.7663,11.0
7.8982,7.799,0.7659,11.1
7.9703,7.8683,0.7656,11.2
8.0424,7.9376,0.7652,11.3
8.1145,8.0069,0.7648,11.4
8.1866,8.0761,0.7645,11.5
8.2588,8.1454,0.7641,11.6
8.331,8.2145,0.7637,11.7
8.4032,8.2837,0.7633,11.8
8.4755,8.3528,0.7629,11.9
8.5478,8.4219,0.7625,12.0
8.6201,8.491,0.7621,12.1
8.6924,8.5601,0.7617,12.2
8.7648,8.6291,0.7613,12.3
8.8372,8.6981,0.7609,12.4
8.9096,8.767,0.7605,12.5
8.9821,8.8359,0.76,12.6
9.0545,8.9048,0.7596,12.7
9.1271,8.9737,0.7592,12.8
9.1996,9.0425,0.7588,12.9
9.2722,9.1113,0.7583,13.0
9.3448,9.1801,0.7579,13.1
9.4174,9.2488,0.7574,13.2
9.4901,9.3175,0.757,13.3
9.5627,9.3862,0.7565,13.4
9.6355,9.4549,0.7561,13.5
9.7082,9.5235,0.7556,13.6
9.781,9.592,0.7551,13.7
9.8538,9.6606,0.7547,13.8
9.9267,9.7291,0.7542,13.9
9.9996,9.7975,0.7537,14.0
10.0725,9.866,0.7532,14.1
10.1454,9.9344,0.7527,14.2
10.2184,10.0027,0.7522,14.3
10.2914,10.0711,0.7517,14.4
10.3645,10.1394,0.7512,14.5
10.4376,10.2076,0.7507,14.6
10.5107,10.2758,0.7502,14.7
10.5838,10.344,0.7497,14.8
10.657,10.4121,0.7492,14.9
10.7303,10.4802,0.7486,15.0
10.8035,10.5483,0.7481,15.1
10.8768,10.6163,0.7476,15.2
10.9501,10.6843,0.747,15.3
11.0235,10.7523,0.7465,15.4
11.0969,10.8202,0.7459,15.5
11.1704,10.888,0.7454,15.6
11.2439,10.9559,0.7448,15.7
11.3174,11.0237,0.7443,15.8
11.3909,11.0914,0.7437,15.9
11.4645,11.1591,0.7431,16.0
11.5382,11.2268,0.7425,16.1
11.6118,11.2944,0.7419,16.2
11.6856,11.3619,0.7414,16.3
11.7593,11.4295,0.7408,16.4
11.8331,11.497,0.7402,16.5
11.9069,11.5644,0.7396,16.6
11.9808,11.6318,0.7389,16.7
12.0547,11.6991,0.7383,16.8
12.1287,11.7665,0.7377,16.9
12.2027,11.8337,0.7371,17.0
12.2767,11.9009,0.7365,17.1
12.3508,11.9681,0.7358,17.2
12.425,12.0352,0.7352,17.3
12.4991,12.1023,0.7345,17.4
12.5733,12.1693,0.7339,17.5
12.6476,12.2363,0.7332,17.6
12.7219,12.3032,0.7326,17.7
12.7962,12.3701,0.7319,17.8
12.8706,12.4369,0.7312,17.9
12.9451,12.5037,0.7305,18.0
13.0196,12.5704,0.7299,18.1
13.0941,12.6371,0.7292,18.2
13.1687,12.7037,0.7285,18.3
13.2433,12.7703,0.7278,18.4
13.3179,12.8368,0.727,18.5
13.3927,12.9033,0.7264,18.6
13.4674,12.9697,0.7256,18.7
13.5422,13.0361,0.7249,18.8
13.6171,13.1024,0.7242,18.9
13.692,13.1686,0.7234,19.0
13.7669,13.2348,0.7227,19.1
13.8419,13.3009,0.7219,19.2
13.917,13.367,0.7212,19.3
13.9921,13.4331,0.7204,19.4
14.0673,13.499,0.7196,19.5
14.1425,13.5649,0.7189,19.6
14.2177,13.6308,0.7181,19.7
14.293,13.6966,0.7173,19.8
14.3684,13.7623,0.7165,19.9
14.4438,13.828,0.7157,20.0
14.5193,13.8936,0.7149,20.1
14.5948,13.9592,0.7141,20.2
14.6703,14.0247,0.7133,20.3
14.746,14.0901,0.7124,20.4
14.8216,14.1555,0.7116,20.5
14.8974,14.2208,0.7108,20.6
14.9732,14.286,0.7099,20.7
15.049,14.3512,0.7091,20.8
15.1249,14.4163,0.7082,20.9
15.2008,14.4813,0.7073,21.0
15.2769,14.5463,0.7064,21.1
15.3529,14.6112,0.7056,21.2
15.429,14.6761,0.7047,21.3
15.5052,14.7409,0.7038,21.4
15.5815,14.8056,0.7029,21.5
15.6578,14.8702,0.702,21.6
15.7341,14.9348,0.7011,21.7
15.8105,14.9993,0.7001,21.8
15.887,15.0637,0.6992,21.9
15.9636,15.1281,0.6982,22.0
16.0402,15.1924,0.6973,22.1
16.1168,15.2566,0.6963,22.2
16.1935,15.3207,0.6954,22.3
16.2703,15.3848,0.6944,22.4
16.3472,15.4488,0.6934,22.5
16.4241,15.5127,0.6924,22.6
16.501,15.5765,0.6914,22.7
16.5781,15.6403,0.6904,22.8
16.6552,15.704,0.6894,22.9
16.7323,15.7676,0.6884,23.0
16.8096,15.8311,0.6874,23.1
16.8868,15.8946,0.6863,23.2
16.9642,15.9579,0.6853,23.3
17.0416,16.0212,0.6842,23.4
17.1191,16.0844,0.6832,23.5
17.1967,16.1476,0.6821,23.6
17.2743,16.2106,0.681,23.7
17.352,16.2736,0.6799,23.8
17.4298,16.3364,0.6788,23.9
17.5076,16.3992,0.6777,24.0
17.5855,16.4619,0.6766,24.1
17.6635,16.5245,0.6755,24.2
17.7415,16.5871,0.6743,24.3
17.8196,16.6495,0.6732,24.4
17.8978,16.7119,0.672,24.5
17.9761,16.7741,0.6709,24.6
18.0544,16.8363,0.6697,24.7
18.1328,16.8984,0.6685,24.8
18.2113,16.9603,0.6673,24.9
18.2898,17.0222,0.6661,25.0
18.3684,17.084,0.6649,25.1
18.4471,17.1457,0.6637,25.2
18.5259,17.2073,0.6624,25.3
18.6047,17.2688,0.6612,25.4
18.6837,17.3302,0.66,25.5
18.7627,17.3915,0.6587,25.6
18.8418,17.4527,0.6574,25.7
18.9209,17.5139,0.6561,25.8
19.0002,17.5749,0.6548,25.9
19.0795,17.6358,0.6535,26.0
19.1589,17.6966,0.6522,26.1
19.2383,17.7572,0.6509,26.2
19.3179,17.8178,0.6495,26.3
19.3975,17.8783,0.6482,26.4
19.4772,17.9387,0.6468,26.5
19.5571,17.999,0.6454,26.6
19.6369,18.0591,0.6441,26.7
19.7169,18.1192,0.6426,26.8
19.797,18.1791,0.6412,26.9
19.8771,18.2389,0.6398,27.0
19.9573,18.2986,0.6384,27.1
20.0376,18.3582,0.6369,27.2
20.118,18.4177,0.6354,27.3
20.1985,18.477,0.634,27.4
20.2791,18.5363,0.6325,27.5
20.3597,18.5954,0.631,27.6
20.4405,18.6544,0.6295,27.7
20.5213,18.7132,0.628,27.8
20.6022,18.772,0.6264,27.9
20.6832,18.8306,0.6249,28.0
20.7643,18.8891,0.6233,28.1
20.8455,18.9475,0.6217,28.2
20.9268,19.0057,0.6201,28.3
21.0082,19.0638,0.6185,28.4
21.0897,19.1218,0.6169,28.5
21.1712,19.1797,0.6153,28.6
21.2529,19.2374,0.6136,28.7
21.3347,19.295,0.612,28.8
21.4165,19.3524,0.6103,28.9
21.4985,19.4097,0.6086,29.0
21.5805,19.4669,0.6069,29.1
21.6626,19.5239,0.6052,29.2
21.7449,19.5808,0.6034,29.3
21.8272,19.6376,0.6016,29.4
21.9097,19.6942,0.5999,29.5
21.9922,19.7506,0.5981,29.6
22.0748,19.8069,0.5963,29.7
22.1576,19.8631,0.5945,29.8
22.2404,19.9191,0.5926,29.9
22.3234,19.975,0.5908,30.0
22.4064,20.0307,0.5889,30.1
22.4896,20.0862,0.587,30.2
22.5728,20.1416,0.5851,30.3
22.6562,20.1968,0.5832,30.4
22.7397,20.2519,0.5813,30.5
22.8233,20.3068,0.5793,30.6
22.9069,20.3615,0.5773,30.7
22.9907,20.4161,0.5753,30.8
23.0746,20.4705,0.5733,30.9
23.1587,20.5248,0.5713,31.0
23.2428,20.5788,0.5692,31.1
23.327,20.6327,0.5672,31.2
23.4113,20.6865,0.5651,31.3
23.4958,20.74,0.563,31.4
23.5804,20.7934,0.5608,31.5
23.6651,20.8466,0.5587,31.6
23.7498,20.8996,0.5565,31.7
23.8348,20.9524,0.5543,31.8
23.9198,21.005,0.5521,31.9
24.0049,21.0575,0.5499,32.0
24.0902,21.1097,0.5476,32.1
24.1756,21.1618,0.5453,32.2
24.2611,21.2137,0.543,32.3
24.3467,21.2653,0.5407,32.4
24.4324,21.3168,0.5384,32.5
24.5183,21.3681,0.536,32.6
24.6042,21.4192,0.5336,32.7
24.6903,21.47,0.5312,32.8
24.7766,21.5207,0.5287,32.9
24.8629,21.5711,0.5263,33.0
24.9494,21.6214,0.5238,33.1
25.036,21.6714,0.5213,33.2
25.1227,21.7212,0.5188,33.3
25.2095,21.7708,0.5162,33.4
25.2965,21.8201,0.5136,33.5
25.3836,21.8692,0.511,33.6
25.4708,21.9181,0.5084,33.7
25.5582,21.9668,0.5057,33.8
25.6457,22.0153,0.503,33.9
25.7333,22.0635,0.5003,34.0
25.821,22.1114,0.4976,34.1
25.9089,22.1592,0.4948,34.2
25.9969,22.2067,0.4919,34.3
26.085,22.2539,0.4891,34.4
26.1733,22.3009,0.4863,34.5
26.2617,22.3476,0.4834,34.6
26.3503,22.3941,0.4805,34.7
26.4389,22.4403,0.4775,34.8
26.5278,22.4863,0.4745,34.9
26.6167,22.532,0.4715,35.0
26.7058,22.5774,0.4685,35.1
26.795,22.6225,0.4654,35.2
26.8844,22.6674,0.4623,35.3
26.9739,22.712,0.4591,35.4
27.0635,22.7563,0.456,35.5
27.1533,22.8004,0.4528,35.6
27.2432,22.8441,0.4495,35.7
27.3333,22.8876,0.4463,35.8
27.4235,22.9307,0.4429,35.9
27.5139,22.9736,0.4396,36.0
27.6043,23.0161,0.4362,36.1
27.695,23.0584,0.4328,36.2
27.7858,23.1003,0.4293,36.3
27.8767,23.1419,0.4258,36.4
27.9678,23.1833,0.4223,36.5
28.059,23.2242,0.4187,36.6
28.1503,23.2649,0.4151,36.7
28.2418,23.3052,0.4115,36.8
28.3335,23.3452,0.4078,36.9
28.4253,23.3849,0.4041,37.0
28.5172,23.4242,0.4003,37.1
28.6093,23.4632,0.3965,37.2
28.7016,23.5018,0.3926,37.3
28.794,23.5401,0.3888,37.4
28.8865,23.578,0.3848,37.5
28.9792,23.6155,0.3808,37.6
29.072,23.6527,0.3768,37.7
29.165,23.6895,0.3727,37.8
29.2581,23.7259,0.3686,37.9
29.3514,23.7619,0.3645,38.0
29.4449,23.7976,0.3602,38.1
29.5384,23.8328,0.356,38.2
29.6322,23.8677,0.3517,38.3
29.726,23.9021,0.3474,38.4
29.8201,23.9362,0.3429,38.5
29.9142,23.9698,0.3385,38.6
30.0086,24.003,0.334,38.7
30.103,24.0358,0.3295,38.8
30.1977,24.0681,0.3248,38.9
30.2924,24.1,0.3202,39.0
30.3874,24.1315,0.3155,39.1
30.4824,24.1626,0.3108,39.2
30.5776,24.1931,0.306,39.3
30.673,24.2233,0.3011,39.4
30.7685,24.2529,0.2961,39.5
30.8641,24.2821,0.2912,39.6
30.9599,24.3108,0.2861,39.7
31.0559,24.339,0.2811,39.8
31.1519,24.3668,0.2759,39.9
31.2482,24.394,0.2707,40.0
31.3445,24.4207,0.2654,40.1
31.441,24.447,0.2601,40.2
31.5376,24.4727,0.2547,40.3
31.6344,24.4979,0.2493,40.4
31.7313,24.5226,0.2438,40.5
31.8284,24.5467,0.2382,40.6
31.9255,24.5703,0.2326,40.7
32.0228,24.5934,0.2269,40.8
32.1203,24.6159,0.2211,40.9
32.2178,24.6378,0.2153,41.0
32.3155,24.6592,0.2095,41.1
32.4134,24.6799,0.2035,41.2
32.5113,24.7002,0.1975,41.3
32.6093,24.7198,0.1914,41.4
32.7075,24.7388,0.1853,41.5
32.8058,24.7572,0.1791,41.6
32.9042,24.775,0.1728,41.7
33.0027,24.7922,0.1664,41.8
33.1013,24.8088,0.16,41.9
33.2001,24.8247,0.1535,42.0
33.2989,24.84,0.147,42.1
33.3978,24.8547,0.1403,42.2
33.4968,24.8687,0.1337,42.3
33.5959,24.882,0.1269,42.4
33.6951,24.8946,0.1201,42.5
33.7944,24.9066,0.1131,42.6
33.8938,24.9179,0.1062,42.7
33.9932,24.9285,0.0992,42.8
34.0927,24.9384,0.092,42.9
34.1923,24.9476,0.0849,43.0
34.2919,24.9561,0.0776,43.1
34.3916,24.9638,0.0702,43.2
34.4914,24.9708,0.0629,43.3
34.5912,24.9771,0.0554,43.4
34.691,24.9827,0.0479,43.5
34.7909,24.9875,0.0403,43.6
34.8908,24.9915,0.0325,43.7
34.9908,24.9947,0.0249,43.8
35.0907,24.9972,0.017,43.9
35.1907,24.9989,0.0092,44.0
35.2907,24.9998,0.0011,44.1
35.3907,24.9999,-0.0068,44.2
35.4907,24.9993,-0.015,44.3
35.5907,24.9978,-0.0231,44.4
35.6907,24.9955,-0.0314,44.5
35.7906,24.9923,-0.0396,44.6
35.8906,24.9884,-0.048,44.7
35.9904,24.9836,-0.0564,44.8
36.0903,24.9779,-0.0648,44.9
36.1901,24.9714,-0.0734,45.0
36.2898,24.9641,-0.082,45.1
36.3895,24.9559,-0.0907,45.2
36.4891,24.9469,-0.0994,45.3
36.5886,24.9369,-0.1081,45.4
36.688,24.9262,-0.117,45.5
36.7873,24.9145,-0.1259,45.6
36.8865,24.9019,-0.1348,45.7
36.9856,24.8885,-0.1438,45.8
37.0846,24.8741,-0.1528,45.9
37.1834,24.8589,-0.1619,46.0
37.2821,24.8428,-0.171,46.1
37.3806,24.8258,-0.1802,46.2
37.479,24.8079,-0.1894,46.3
37.5772,24.789,-0.1986,46.4
37.6753,24.7693,-0.208,46.5
37.7731,24.7486,-0.2173,46.6
37.8707,24.7271,-0.2266,46.7
37.9682,24.7046,-0.236,46.8
38.0654,24.6812,-0.2455,46.9
38.1624,24.6569,-0.2549,47.0
38.2592,24.6317,-0.2644,47.1
38.3557,24.6056,-0.2738,47.2
38.452,24.5785,-0.2833,47.3
38.548,24.5506,-0.2929,47.4
38.6437,24.5217,-0.3025,47.5
38.7392,24.4919,-0.312,47.6
38.8344,24.4612,-0.3215,47.7
38.9292,24.4296,-0.3311,47.8
39.0238,24.3971,-0.3407,47.9
39.1181,24.3637,-0.3503,48.0
39.212,24.3294,-0.3599,48.1
39.3056,24.2942,-0.3694,48.2
39.3988,24.2581,-0.379,48.3
39.4917,24.2211,-0.3886,48.4
39.5843,24.1832,-0.3982,48.5
39.6765,24.1444,-0.4077,48.6
39.7683,24.1047,-0.4172,48.7
39.8597,24.0642,-0.4267,48.8
39.9507,24.0228,-0.4362,48.9
40.0414,23.9806,-0.4457,49.0
40.1316,23.9375,-0.4551,49.1
40.2214,23.8935,-0.4645,49.2
40.3108,23.8487,-0.4739,49.3
40.3998,23.8031,-0.4833,49.4
40.4883,23.7566,-0.4927,49.5
40.5764,23.7093,-0.5019,49.6
40.6641,23.6612,-0.5112,49.7
40.7513,23.6123,-0.5204,49.8
40.8381,23.5626,-0.5296,49.9
40.9244,23.512,-0.5387,50.0
41.0102,23.4607,-0.5478,50.1
41.0956,23.4087,-0.5568,50.2
41.1805,23.3558,-0.5659,50.3
41.2649,23.3022,-0.5748,50.4
41.3488,23.2478,-0.5837,50.5
41.4323,23.1927,-0.5925,50.6
41.5152,23.1369,-0.6014,50.7
41.5977,23.0803,-0.6101,50.8
41.6796,23.023,-0.6188,50.9
41.7611,22.965,-0.6274,51.0
41.842,22.9063,-0.636,51.1
41.9225,22.8469,-0.6445,51.2
42.0024,22.7868,-0.653,51.3
42.0818,22.726,-0.6614,51.4
42.1608,22.6646,-0.6697,51.5
42.2392,22.6025,-0.678,51.6
42.317,22.5398,-0.6862,51.7
42.3944,22.4765,-0.6943,51.8
42.4713,22.4125,-0.7025,51.9
42.5476,22.3479,-0.7105,52.0
42.6234,22.2826,-0.7184,52.1
42.6987,22.2168,-0.7263,52.2
42.7734,22.1504,-0.7341,52.3
42.8477,22.0834,-0.7419,52.4
42.9214,22.0159,-0.7496,52.5
42.9946,21.9477,-0.7572,52.6
43.0673,21.879,-0.7648,52.7
43.1394,21.8098,-0.7723,52.8
43.211,21.74,-0.7797,52.9
43.2822,21.6697,-0.7871,53.0
43.3528,21.5989,-0.7944,53.1
43.4228,21.5275,-0.8016,53.2
43.4924,21.4557,-0.8088,53.3
43.5614,21.3833,-0.8159,53.4
43.6299,21.3105,-0.8229,53.5
43.6979,21.2372,-0.8299,53.6
43.7654,21.1634,-0.8368,53.7
43.8324,21.0892,-0.8437,53.8
43.8989,21.0144,-0.8504,53.9
43.9649,20.9393,-0.8571,54.0
44.0303,20.8637,-0.8638,54.1
44.0953,20.7877,-0.8704,54.2
44.1597,20.7112,-0.8769,54.3
44.2237,20.6343,-0.8834,54.4
44.2871,20.557,-0.8897,54.5
44.3501,20.4793,-0.8961,54.6
44.4126,20.4013,-0.9024,54.7
44.4745,20.3228,-0.9086,54.8
44.536,20.2439,-0.9148,54.9
44.597,20.1647,-0.9209,55.0
44.6575,20.0851,-0.9269,55.1
44.7176,20.0051,-0.9329,55.2
44.7771,19.9248,-0.9388,55.3
44.8362,19.8441,-0.9447,55.4
44.8948,19.763,-0.9505,55.5
44.9529,19.6817,-0.9562,55.6
45.0106,19.6,-0.9619,55.7
45.0678,19.5179,-0.9676,55.8
45.1245,19.4356,-0.9732,55.9
45.1808,19.3529,-0.9787,56.0
45.2366,19.2699,-0.9842,56.1
45.292,19.1867,-0.9896,56.2
45.3469,19.1031,-0.9949,56.3
45.4013,19.0192,-1.0003,56.4
45.4553,18.9351,-1.0056,56.5
45.5089,18.8506,-1.0108,56.6
45.562,18.7659,-1.0159,56.7
45.6147,18.6809,-1.0211,56.8
45.6669,18.5956,-1.0261,56.9
45.7187,18.5101,-1.0312,57.0
45.7701,18.4243,-1.0361,57.1
45.8211,18.3383,-1.0411,57.2
45.8716,18.252,-1.046,57.3
45.9217,18.1654,-1.0508,57.4
45.9714,18.0786,-1.0556,57.5
46.0207,17.9916,-1.0603,57.6
46.0695,17.9044,-1.0651,57.7
46.118,17.8169,-1.0697,57.8
46.166,17.7292,-1.0743,57.9
46.2136,17.6412,-1.0789,58.0
46.2609,17.5531,-1.0835,58.1
46.3077,17.4647,-1.0879,58.2
46.3541,17.3762,-1.0924,58.3
46.4002,17.2874,-1.0968,58.4
46.4458,17.1984,-1.1012,58.5
46.4911,17.1093,-1.1056,58.6
46.5359,17.0199,-1.1099,58.7
46.5804,16.9303,-1.1141,58.8
46.6245,16.8406,-1.1183,58.9
46.6682,16.7506,-1.1225,59.0
46.7116,16.6605,-1.1267,59.1
46.7545,16.5702,-1.1308,59.2
46.7971,16.4797,-1.1349,59.3
46.8394,16.3891,-1.1389,59.4
46.8812,16.2983,-1.1429,59.5
46.9227,16.2073,-1.1469,59.6
46.9638,16.1161,-1.1508,59.7
47.0046,16.0248,-1.1548,59.8
47.045,15.9334,-1.1586,59.9
47.0851,15.8417,-1.1625,60.0
47.1248,15.75,-1.1663,60.1
47.1641,15.658,-1.1701,60.2
47.2032,15.5659,-1.1739,60.3
47.2418,15.4737,-1.1776,60.4
47.2801,15.3814,-1.1812,60.5
47.3181,15.2888,-1.1849,60.6
47.3557,15.1962,-1.1886,60.7
47.393,15.1034,-1.1922,60.8
47.43,15.0105,-1.1957,60.9
47.4666,14.9175,-1.1993,61.0
47.5029,14.8243,-1.2028,61.1
47.5389,14.731,-1.2063,61.2
47.5746,14.6375,-1.2098,61.3
47.6099,14.544,-1.2132,61.4
47.6449,14.4503,-1.2166,61.5
47.6796,14.3565,-1.2201,61.6
47.7139,14.2626,-1.2234,61.7
47.748,14.1686,-1.2267,61.8
47.7817,14.0744,-1.2301,61.9
47.8151,13.9802,-1.2334,62.0
47.8482,13.8858,-1.2367,62.1
47.881,13.7914,-1.2399,62.2
47.9135,13.6968,-1.2431,62.3
47.9457,13.6021,-1.2464,62.4
47.9776,13.5073,-1.2495,62.5
48.0091,13.4124,-1.2527,62.6
48.0404,13.3174,-1.2558,62.7
48.0714,13.2224,-1.2589,62.8
48.1021,13.1272,-1.2621,62.9
48.1325,13.0319,-1.2651,63.0
48.1626,12.9366,-1.2682,63.1
48.1924,12.8411,-1.2712,63.2
48.2219,12.7456,-1.2742,63.3
48.2511,12.6499,-1.2772,63.4
48.28,12.5542,-1.2802,63.5
48.3087,12.4584,-1.2831,63.6
48.3371,12.3625,-1.2861,63.7
48.3652,12.2665,-1.289,63.8
48.393,12.1705,-1.2919,63.9
48.4205,12.0743,-1.2948,64.0
48.4477,11.9781,-1.2977,64.1
48.4747,11.8818,-1.3005,64.2
48.5014,11.7855,-1.3034,64.3
48.5278,11.689,-1.3062,64.4
48.554,11.5925,-1.309,64.5
48.5799,11.4959,-1.3117,64.6
48.6055,11.3992,-1.3145,64.7
48.6308,11.3025,-1.3173,64.8
48.6559,11.2057,-1.32,64.9
48.6807,11.1088,-1.3227,65.0
48.7053,11.0119,-1.3254,65.1
48.7296,10.9149,-1.3281,65.2
48.7536,10.8178,-1.3308,65.3
48.7774,10.7207,-1.3335,65.4
48.8009,10.6235,-1.3361,65.5
48.8241,10.5262,-1.3388,65.6
48.8471,10.4289,-1.3414,65.7
48.8699,10.3315,-1.344,65.8
48.8924,10.2341,-1.3466,65.9
48.9146,10.1366,-1.3491,66.0
48.9366,10.039,-1.3517,66.1
48.9583,9.9414,-1.3543,66.2
48.9798,9.8438,-1.3568,66.3
49.001,9.746,-1.3594,66.4
49.022,9.6483,-1.3618,66.5
49.0428,9.5504,-1.3644,66.6
49.0633,9.4526,-1.3669,66.7
49.0835,9.3546,-1.3693,66.8
49.1035,9.2567,-1.3718,66.9
49.1233,9.1586,-1.3743,67.0
49.1428,9.0606,-1.3767,67.1
49.1621,8.9624,-1.3792,67.2
49.1812,8.8643,-1.3816,67.3
49.2,8.7661,-1.384,67.4
49.2185,8.6678,-1.3864,67.5
49.2369,8.5695,-1.3888,67.6
49.255,8.4711,-1.3912,67.7
49.2728,8.3727,-1.3936,67.8
49.2905,8.2743,-1.3959,67.9
49.3079,8.1758,-1.3983,68.0
49.325,8.0773,-1.4006,68.1
49.342,7.9788,-1.403,68.2
49.3587,7.8802,-1.4053,68.3
49.3751,7.7815,-1.4076,68.4
49.3914,7.6829,-1.4099,68.5
49.4074,7.5842,-1.4122,68.6
49.4232,7.4854,-1.4145,68.7
49.4388,7.3866,-1.4168,68.8
49.4541,7.2878,-1.4191,68.9
49.4692,7.189,-1.4213,69.0
49.4841,7.0901,-1.4236,69.1
49.4988,6.9912,-1.4259,69.2
49.5132,6.8922,-1.4281,69.3
49.5274,6.7932,-1.4303,69.4
49.5414,6.6942,-1.4326,69.5
49.5552,6.5952,-1.4348,69.6
49.5688,6.4961,-1.437,69.7
49.5821,6.397,-1.4392,69.8
49.5952,6.2978,-1.4414,69.9
49.6081,6.1987,-1.4436,70.0
49.6208,6.0995,-1.4458,70.1
49.6333,6.0003,-1.448,70.2
49.6455,5.901,-1.4502,70.3
49.6576,5.8018,-1.4523,70.4
49.6694,5.7025,-1.4545,70.5
49.681,5.6031,-1.4567,70.6
49.6924,5.5038,-1.4588,70.7
49.7035,5.4044,-1.461,70.8
49.7145,5.305,-1.4631,70.9
49.7253,5.2056,-1.4652,71.0
49.7358,5.1061,-1.4674,71.1
49.7461,5.0067,-1.4695,71.2
49.7562,4.9072,-1.4716,71.3
49.7661,4.8077,-1.4737,71.4
49.7758,4.7082,-1.4759,71.5
49.7853,4.6086,-1.4779,71.6
49.7946,4.509,-1.48,71.7
49.8036,4.4094,-1.4821,71.8
49.8125,4.3098,-1.4842,71.9
49.8211,4.2102,-1.4863,72.0
49.8296,4.1106,-1.4884,72.1
49.8378,4.0109,-1.4905,72.2
49.8458,3.9112,-1.4925,72.3
49.8537,3.8115,-1.4946,72.4
49.8613,3.7118,-1.4967,72.5
49.8687,3.6121,-1.4988,72.6
49.8759,3.5124,-1.5008,72.7
49.8829,3.4126,-1.5029,72.8
49.8896,3.3128,-1.5049,72.9
49.8962,3.2131,-1.507,73.0
49.9026,3.1133,-1.509,73.1
49.9088,3.0134,-1.5111,73.2
49.9147,2.9136,-1.5131,73.3
49.9205,2.8138,-1.5152,73.4
49.9261,2.7139,-1.5172,73.5
49.9314,2.6141,-1.5192,73.6
49.9366,2.5142,-1.5212,73.7
49.9415,2.4143,-1.5233,73.8
49.9463,2.3145,-1.5253,73.9
49.9508,2.2146,-1.5273,74.0
49.9552,2.1147,-1.5294,74.1
49.9593,2.0147,-1.5314,74.2
49.9633,1.9148,-1.5334,74.3
49.967,1.8149,-1.5354,74.4
49.9705,1.715,-1.5374,74.5
49.9739,1.615,-1.5394,74.6
49.977,1.5151,-1.5414,74.7
49.98,1.4151,-1.5434,74.8
49.9827,1.3151,-1.5455,74.9
49.9852,1.2152,-1.5475,75.0
49.9876,1.1152,-1.5495,75.1
49.9897,1.0152,-1.5515,75.2
49.9916,0.9152,-1.5535,75.3
49.9933,0.8153,-1.5555,75.4
49.9949,0.7153,-1.5575,75.5
49.9962,0.6153,-1.5595,75.6
49.9973,0.5153,-1.5615,75.7
49.9983,0.4153,-1.5635,75.8
49.999,0.3153,-1.5655,75.9
49.9995,0.2153,-1.5675,76.0
49.9999,0.1153,-1.5695,76.1
50.0,0.0153,-1.5715,76.2
49.9999,-0.0847,-1.5735,76.3
49.9997,-0.1847,-1.5755,76.4
49.9992,-0.2847,-1.5775,76.5
49.9985,-0.3847,-1.5795,76.6
49.9976,-0.4847,-1.5815,76.7
49.9966,-0.5847,-1.5835,76.8
49.9953,-0.6847,-1.5855,76.9
49.9938,-0.7847,-1.5875,77.0
49.9922,-0.8847,-1.5895,77.1
49.9903,-0.9846,-1.5915,77.2
49.9882,-1.0846,-1.5935,77.3
49.986,-1.1846,-1.5955,77.4
49.9835,-1.2846,-1.5975,77.5
49.9808,-1.3845,-1.5995,77.6
49.9779,-1.4845,-1.6016,77.7
49.9749,-1.5844,-1.6036,77.8
49.9716,-1.6844,-1.6056,77.9
49.9681,-1.7843,-1.6076,78.0
49.9644,-1.8843,-1.6096,78.1
49.9606,-1.9842,-1.6116,78.2
49.9565,-2.0841,-1.6137,78.3
49.9522,-2.184,-1.6157,78.4
49.9477,-2.2839,-1.6177,78.5
49.943,-2.3838,-1.6197,78.6
49.9381,-2.4837,-1.6218,78.7
49.933,-2.5836,-1.6238,78.8
49.9277,-2.6834,-1.6258,78.9
49.9222,-2.7833,-1.6279,79.0
49.9165,-2.8831,-1.6299,79.1
49.9106,-2.9829,-1.6319,79.2
49.9045,-3.0827,-1.634,79.3
49.8982,-3.1825,-1.636,79.4
49.8917,-3.2823,-1.6381,79.5
49.885,-3.3821,-1.6401,79.6
49.878,-3.4819,-1.6422,79.7
49.8709,-3.5816,-1.6443,79.8
49.8635,-3.6813,-1.6463,79.9
49.856,-3.781,-1.6484,80.0
49.8482,-3.8807,-1.6505,80.1
49.8403,-3.9804,-1.6526,80.2
49.8321,-4.0801,-1.6546,80.3
49.8237,-4.1797,-1.6567,80.4
49.8152,-4.2794,-1.6588,80.5
49.8064,-4.379,-1.6609,80.6
49.7974,-4.4786,-1.663,80.7
49.7882,-4.5782,-1.6651,80.8
49.7787,-4.6777,-1.6672,80.9
49.7691,-4.7772,-1.6693,81.0
49.7593,-4.8768,-1.6715,81.1
49.7492,-4.9763,-1.6736,81.2
49.739,-5.0757,-1.6757,81.3
49.7285,-5.1752,-1.6778,81.4
49.7178,-5.2746,-1.68,81.5
49.7069,-5.374,-1.6821,81.6
49.6958,-5.4734,-1.6843,81.7
49.6845,-5.5727,-1.6864,81.8
49.673,-5.6721,-1.6886,81.9
49.6612,-5.7714,-1.6908,82.0
49.6492,-5.8707,-1.6929,82.1
49.637,-5.9699,-1.6951,82.2
49.6247,-6.0692,-1.6973,82.3
49.612,-6.1684,-1.6995,82.4
49.5992,-6.2675,-1.7017,82.5
49.5861,-6.3667,-1.7039,82.6
49.5729,-6.4658,-1.7061,82.7
49.5594,-6.5649,-1.7083,82.8
49.5457,-6.6639,-1.7106,82.9
49.5317,-6.763,-1.7128,83.0
49.5176,-6.8619,-1.7151,83.1
49.5032,-6.9609,-1.7173,83.2
49.4886,-7.0598,-1.7195,83.3
49.4738,-7.1587,-1.7218,83.4
49.4588,-7.2576,-1.7241,83.5
49.4435,-7.3564,-1.7264,83.6
49.428,-7.4552,-1.7286,83.7
49.4123,-7.554,-1.731,83.8
49.3963,-7.6527,-1.7333,83.9
49.3801,-7.7514,-1.7356,84.0
49.3637,-7.85,-1.7379,84.1
49.3471,-7.9486,-1.7403,84.2
49.3302,-8.0472,-1.7426,84.3
49.3131,-8.1457,-1.7449,84.4
49.2958,-8.2442,-1.7473,84.5
49.2783,-8.3427,-1.7497,84.6
49.2605,-8.4411,-1.7521,84.7
49.2424,-8.5394,-1.7545,84.8
49.2242,-8.6377,-1.7568,84.9
49.2057,-8.736,-1.7593,85.0
49.1869,-8.8342,-1.7617,85.1
49.168,-8.9324,-1.7641,85.2
49.1487,-9.0306,-1.7666,85.3
49.1293,-9.1286,-1.769,85.4
49.1096,-9.2267,-1.7715,85.5
49.0897,-9.3247,-1.774,85.6
49.0695,-9.4226,-1.7765,85.7
49.0491,-9.5205,-1.7789,85.8
49.0284,-9.6184,-1.7815,85.9
49.0075,-9.7161,-1.784,86.0
48.9863,-9.8139,-1.7865,86.1
48.9649,-9.9116,-1.7891,86.2
48.9433,-10.0092,-1.7916,86.3
48.9214,-10.1068,-1.7942,86.4
48.8992,-10.2043,-1.7968,86.5
48.8768,-10.3017,-1.7994,86.6
48.8541,-10.3991,-1.8021,86.7
48.8312,-10.4965,-1.8046,86.8
48.808,-10.5937,-1.8073,86.9
48.7846,-10.691,-1.81,87.0
48.7609,-10.7881,-1.8126,87.1
48.737,-10.8852,-1.8153,87.2
48.7127,-10.9822,-1.818,87.3
48.6883,-11.0792,-1.8208,87.4
48.6635,-11.1761,-1.8235,87.5
48.6385,-11.2729,-1.8263,87.6
48.6133,-11.3697,-1.829,87.7
48.5877,-11.4663,-1.8318,87.8
48.5619,-11.563,-1.8346,87.9
48.5359,-11.6595,-1.8374,88.0
48.5095,-11.756,-1.8402,88.1
48.4829,-11.8524,-1.8431,88.2
48.456,-11.9487,-1.8459,88.3
48.4288,-12.0449,-1.8488,88.4
48.4014,-12.1411,-1.8517,88.5
48.3737,-12.2372,-1.8546,88.6
48.3457,-12.3332,-1.8575,88.7
48.3174,-12.4291,-1.8605,88.8
48.2888,-12.5249,-1.8635,88.9
48.26,-12.6207,-1.8665,89.0
48.2308,-12.7163,-1.8695,89.1
48.2014,-12.8119,-1.8725,89.2
48.1717,-12.9074,-1.8755,89.3
48.1417,-13.0028,-1.8786,89.4
48.1114,-13.0981,-1.8817,89.5
48.0808,-13.1933,-1.8848,89.6
48.0499,-13.2884,-1.8879,89.7
48.0187,-13.3834,-1.8911,89.8
47.9872,-13.4783,-1.8943,89.9
47.9555,-13.5731,-1.8974,90.0
47.9234,-13.6678,-1.9007,90.1
47.891,-13.7624,-1.9039,90.2
47.8583,-13.8569,-1.9072,90.3
47.8253,-13.9513,-1.9105,90.4
47.7919,-14.0456,-1.9138,90.5
47.7583,-14.1398,-1.9172,90.6
47.7244,-14.2339,-1.9205,90.7
47.6901,-14.3278,-1.9239,90.8
47.6555,-14.4216,-1.9273,90.9
47.6206,-14.5153,-1.9307,91.0
47.5854,-14.6089,-1.9342,91.1
47.5499,-14.7024,-1.9377,91.2
47.514,-14.7958,-1.9412,91.3
47.4778,-14.889,-1.9447,91.4
47.4412,-14.9821,-1.9483,91.5
47.4044,-15.075,-1.9519,91.6
47.3672,-15.1678,-1.9555,91.7
47.3297,-15.2605,-1.9592,91.8
47.2918,-15.3531,-1.9629,91.9
47.2536,-15.4455,-1.9666,92.0
47.215,-15.5378,-1.9703,92.1
47.1761,-15.6299,-1.9741,92.2
47.1369,-15.7219,-1.978,92.3
47.0973,-15.8137,-1.9818,92.4
47.0573,-15.9054,-1.9856,92.5
47.017,-15.9969,-1.9895,92.6
46.9763,-16.0882,-1.9935,92.7
46.9353,-16.1794,-1.9975,92.8
46.8939,-16.2705,-2.0015,92.9
46.8522,-16.3613,-2.0055,93.0
46.8101,-16.452,-2.0095,93.1
46.7676,-16.5426,-2.0137,93.2
46.7247,-16.6329,-2.0178,93.3
46.6815,-16.7231,-2.022,93.4
46.6379,-16.8131,-2.0262,93.5
46.5939,-16.9029,-2.0304,93.6
46.5496,-16.9925,-2.0347,93.7
46.5048,-17.0819,-2.0391,93.8
46.4597,-17.1712,-2.0434,93.9
46.4142,-17.2602,-2.0478,94.0
46.3682,-17.3491,-2.0523,94.1
46.3219,-17.4377,-2.0568,94.2
46.2752,-17.5261,-2.0613,94.3
46.2281,-17.6143,-2.0659,94.4
46.1806,-17.7023,-2.0705,94.5
46.1327,-17.7901,-2.0751,94.6
46.0844,-17.8776,-2.0798,94.7
46.0357,-17.965,-2.0845,94.8
45.9865,-18.052,-2.0893,94.9
45.937,-18.1389,-2.0941,95.0
45.887,-18.2255,-2.099,95.1
45.8366,-18.3119,-2.1039,95.2
45.7857,-18.398,-2.1089,95.3
45.7345,-18.4839,-2.1139,95.4
45.6828,-18.5695,-2.119,95.5
45.6307,-18.6548,-2.1241,95.6
45.5782,-18.7399,-2.1292,95.7
45.5252,-18.8247,-2.1345,95.8
45.4717,-18.9093,-2.1397,95.9
45.4179,-18.9935,-2.145,96.0
45.3636,-19.0775,-2.1504,96.1
45.3088,-19.1611,-2.1558,96.2
45.2536,-19.2445,-2.1612,96.3
45.1979,-19.3276,-2.1668,96.4
45.1418,-19.4103,-2.1723,96.5
45.0852,-19.4928,-2.178,96.6
45.0281,-19.5749,-2.1836,96.7
44.9706,-19.6567,-2.1893,96.8
44.9126,-19.7382,-2.1951,96.9
44.8542,-19.8193,-2.201,97.0
44.7952,-19.9001,-2.2069,97.1
44.7358,-19.9806,-2.2128,97.2
44.6759,-20.0606,-2.2189,97.3
44.6156,-20.1404,-2.225,97.4
44.5547,-20.2197,-2.2311,97.5
44.4934,-20.2987,-2.2373,97.6
44.4316,-20.3773,-2.2436,97.7
44.3693,-20.4555,-2.2499,97.8
44.3064,-20.5333,-2.2562,97.9
44.2431,-20.6107,-2.2627,98.0
44.1793,-20.6877,-2.2692,98.1
44.115,-20.7643,-2.2757,98.2
44.0502,-20.8405,-2.2824,98.3
43.9849,-20.9162,-2.2891,98.4
43.9191,-20.9915,-2.2959,98.5
43.8528,-21.0664,-2.3027,98.6
43.786,-21.1407,-2.3095,98.7
43.7186,-21.2147,-2.3166,98.8
43.6508,-21.2881,-2.3235,98.9
43.5824,-21.3611,-2.3307,99.0
43.5135,-21.4336,-2.3378,99.1
43.4441,-21.5056,-2.345,99.2
43.3742,-21.5771,-2.3523,99.3
43.3038,-21.6481,-2.3596,99.4
43.2328,-21.7186,-2.367,99.5
43.1614,-21.7885,-2.3745,99.6
43.0894,-21.8579,-2.382,99.7
43.0169,-21.9268,-2.3897,99.8
42.9438,-21.9951,-2.3973,99.9
42.8703,-22.0628,-2.4051,100.0
42.7962,-22.13,-2.4129,100.1
42.7216,-22.1966,-2.4208,100.2
42.6465,-22.2626,-2.4287,100.3
42.5708,-22.328,-2.4367,100.4
42.4947,-22.3928,-2.4448,100.5
42.418,-22.457,-2.4529,100.6
42.3408,-22.5205,-2.4611,100.7
42.263,-22.5834,-2.4694,100.8
42.1848,-22.6457,-2.4776,100.9
42.106,-22.7073,-2.486,101.0
42.0268,-22.7683,-2.4945,101.1
41.947,-22.8286,-2.503,101.2
41.8667,-22.8882,-2.5115,101.3
41.7859,-22.9471,-2.5202,101.4
41.7046,-23.0053,-2.5288,101.5
41.6228,-23.0628,-2.5375,101.6
41.5405,-23.1196,-2.5464,101.7
41.4577,-23.1757,-2.5552,101.8
41.3744,-23.231,-2.564,101.9
41.2906,-23.2856,-2.573,102.0
41.2063,-23.3395,-2.582,102.1
41.1216,-23.3926,-2.591,102.2
41.0364,-23.4449,-2.6001,102.3
40.9507,-23.4964,-2.6092,102.4
40.8645,-23.5472,-2.6184,102.5
40.7779,-23.5972,-2.6276,102.6
40.6908,-23.6463,-2.6368,102.7
40.6033,-23.6947,-2.6461,102.8
40.5153,-23.7422,-2.6554,102.9
40.4269,-23.789,-2.6648,103.0
40.3381,-23.8349,-2.6742,103.1
40.2488,-23.8799,-2.6836,103.2
40.1591,-23.9241,-2.693,103.3
40.069,-23.9675,-2.7025,103.4
39.9785,-24.01,-2.712,103.5
39.8876,-24.0517,-2.7215,103.6
39.7963,-24.0925,-2.731,103.7
39.7046,-24.1324,-2.7405,103.8
39.6125,-24.1714,-2.7501,103.9
39.5201,-24.2096,-2.7597,104.0
39.4273,-24.2468,-2.7692,104.1
39.3341,-24.2832,-2.7788,104.2
39.2406,-24.3187,-2.7884,104.3
39.1468,-24.3533,-2.7979,104.4
39.0527,-24.387,-2.8075,104.5
38.9582,-24.4198,-2.8171,104.6
38.8634,-24.4517,-2.8267,104.7
38.7683,-24.4826,-2.8362,104.8
38.673,-24.5127,-2.8457,104.9
38.5773,-24.5419,-2.8553,105.0
38.4814,-24.5701,-2.8648,105.1
38.3852,-24.5974,-2.8743,105.2
38.2887,-24.6238,-2.8838,105.3
38.192,-24.6493,-2.8932,105.4
38.0951,-24.6739,-2.9027,105.5
37.9979,-24.6976,-2.9121,105.6
37.9006,-24.7203,-2.9214,105.7
37.803,-24.7422,-2.9307,105.8
37.7052,-24.7631,-2.9401,105.9
37.6072,-24.7831,-2.9494,106.0
37.5091,-24.8022,-2.9585,106.1
37.4107,-24.8204,-2.9677,106.2
37.3122,-24.8377,-2.9769,106.3
37.2136,-24.8541,-2.986,106.4
37.1148,-24.8696,-2.995,106.5
37.0159,-24.8842,-3.0041,106.6
36.9168,-24.8979,-3.013,106.7
36.8176,-24.9107,-3.0218,106.8
36.7184,-24.9227,-3.0308,106.9
36.619,-24.9337,-3.0395,107.0
36.5195,-24.9439,-3.0482,107.1
36.4199,-24.9532,-3.057,107.2
36.3203,-24.9617,-3.0655,107.3
36.2206,-24.9693,-3.0741,107.4
36.1208,-24.976,-3.0826,107.5
36.021,-24.9819,-3.091,107.6
35.9211,-24.987,-3.0995,107.7
35.8212,-24.9912,-3.1077,107.8
35.7213,-24.9946,-3.116,107.9
35.6213,-24.9971,-3.1241,108.0
35.5213,-24.9989,-3.1323,108.1
35.4213,-24.9998,-3.1403,108.2
35.3213,-25.0,3.1349,108.3
35.2213,-24.9993,3.127,108.4
35.1213,-24.9978,3.1191,108.5
35.0213,-24.9956,3.1114,108.6
34.9214,-24.9926,3.1036,108.7
34.8215,-24.9888,3.0961,108.8
34.7216,-24.9842,3.0885,108.9
34.6217,-24.9789,3.081,109.0
34.5219,-24.9728,3.0736,109.1
34.4221,-24.9661,3.0662,109.2
34.3224,-24.9585,3.059,109.3
34.2228,-24.9503,3.0517,109.4
34.1232,-24.9413,3.0446,109.5
34.0236,-24.9316,3.0376,109.6
33.9242,-24.9212,3.0306,109.7
33.8248,-24.9101,3.0236,109.8
33.7255,-24.8984,3.0168,109.9
33.6263,-24.8859,3.01,110.0
33.5271,-24.8728,3.0033,110.1
33.4281,-24.859,2.9966,110.2
33.3291,-24.8446,2.9901,110.3
33.2303,-24.8295,2.9836,110.4
33.1315,-24.8137,2.9771,110.5
33.0329,-24.7974,2.9707,110.6
32.9343,-24.7804,2.9644,110.7
32.8359,-24.7627,2.9582,110.8
32.7376,-24.7445,2.9521,110.9
32.6394,-24.7257,2.946,111.0
32.5413,-24.7062,2.9399,111.1
32.4433,-24.6862,2.934,111.2
32.3454,-24.6656,2.9281,111.3
32.2477,-24.6444,2.9222,111.4
32.1501,-24.6226,2.9164,111.5
32.0526,-24.6003,2.9107,111.6
31.9553,-24.5774,2.9051,111.7
31.8581,-24.554,2.8995,111.8
31.761,-24.53,2.894,111.9
31.664,-24.5055,2.8885,112.0
31.5672,-24.4805,2.8831,112.1
31.4705,-24.4549,2.8778,112.2
31.374,-24.4288,2.8725,112.3
31.2776,-24.4022,2.8673,112.4
31.1813,-24.3751,2.8621,112.5
31.0852,-24.3476,2.857,112.6
30.9892,-24.3195,2.8519,112.7
30.8934,-24.2909,2.847,112.8
30.7977,-24.2619,2.842,112.9
30.7022,-24.2324,2.8372,113.0
30.6068,-24.2024,2.8323,113.1
30.5115,-24.172,2.8275,113.2
30.4164,-24.1411,2.8228,113.3
30.3214,-24.1097,2.8181,113.4
30.2266,-24.0779,2.8135,113.5
30.132,-24.0457,2.809,113.6
30.0374,-24.0131,2.8044,113.7
29.9431,-23.98,2.8,113.8
29.8489,-23.9465,2.7956,113.9
29.7548,-23.9126,2.7912,114.0
29.6609,-23.8782,2.7869,114.1
29.5671,-23.8435,2.7826,114.2
29.4735,-23.8084,2.7784,114.3
29.38,-23.7729,2.7742,114.4
29.2867,-23.7369,2.7701,114.5
29.1935,-23.7006,2.766,114.6
29.1004,-23.664,2.762,114.7
29.0076,-23.6269,2.758,114.8
28.9148,-23.5895,2.754,114.9
28.8222,-23.5517,2.7501,115.0
28.7298,-23.5135,2.7463,115.1
28.6375,-23.475,2.7424,115.2
28.5454,-23.4362,2.7387,115.3
28.4534,-23.397,2.7349,115.4
28.3615,-23.3574,2.7312,115.5
28.2699,-23.3175,2.7276,115.6
28.1783,-23.2773,2.7239,115.7
28.0869,-23.2367,2.7204,115.8
27.9956,-23.1958,2.7168,115.9
27.9045,-23.1546,2.7133,116.0
27.8136,-23.1131,2.7099,116.1
27.7227,-23.0712,2.7064,116.2
27.6321,-23.0291,2.703,116.3
27.5415,-22.9866,2.6997,116.4
27.4511,-22.9439,2.6964,116.5
27.3609,-22.9008,2.693,116.6
27.2708,-22.8574,2.6898,116.7
27.1808,-22.8138,2.6866,116.8
27.091,-22.7698,2.6834,116.9
27.0013,-22.7256,2.6803,117.0
26.9117,-22.6811,2.6771,117.1
26.8223,-22.6363,2.6741,117.2
26.7331,-22.5912,2.671,117.3
26.6439,-22.5459,2.668,117.4
26.5549,-22.5003,2.665,117.5
26.4661,-22.4544,2.662,117.6
26.3774,-22.4082,2.6591,117.7
26.2888,-22.3618,2.6562,117.8
26.2003,-22.3152,2.6533,117.9
26.112,-22.2683,2.6505,118.0
26.0238,-22.2211,2.6477,118.1
25.9358,-22.1737,2.6449,118.2
25.8479,-22.1261,2.6421,118.3
25.7601,-22.0782,2.6394,118.4
25.6724,-22.03,2.6367,118.5
25.5849,-21.9817,2.6341,118.6
25.4975,-21.9331,2.6314,118.7
25.4102,-21.8842,2.6288,118.8
25.3231,-21.8352,2.6262,118.9
25.2361,-21.7859,2.6236,119.0
25.1492,-21.7364,2.6211,119.1
25.0625,-21.6866,2.6185,119.2
24.9758,-21.6367,2.616,119.3
24.8893,-21.5865,2.6136,119.4
24.803,-21.5361,2.6111,119.5
24.7167,-21.4855,2.6087,119.6
24.6306,-21.4347,2.6063,119.7
24.5445,-21.3837,2.6039,119.8
24.4587,-21.3325,2.6016,119.9
24.3729,-21.2811,2.5993,120.0
24.2872,-21.2295,2.597,120.1
24.2017,-21.1777,2.5947,120.2
24.1163,-21.1257,2.5924,120.3
24.031,-21.0735,2.5902,120.4
23.9458,-21.0211,2.588,120.5
23.8607,-20.9685,2.5858,120.6
23.7758,-20.9157,2.5836,120.7
23.691,-20.8628,2.5814,120.8
23.6063,-20.8097,2.5793,120.9
23.5217,-20.7563,2.5772,121.0
23.4372,-20.7029,2.5751,121.1
23.3528,-20.6492,2.573,121.2
23.2685,-20.5953,2.5709,121.3
23.1844,-20.5413,2.5689,121.4
23.1003,-20.4871,2.5669,121.5
23.0164,-20.4328,2.5649,121.6
22.9326,-20.3782,2.5629,121.7
22.8488,-20.3236,2.5609,121.8
22.7652,-20.2687,2.559,121.9
22.6817,-20.2137,2.5571,122.0
22.5983,-20.1585,2.5552,122.1
22.515,-20.1032,2.5533,122.2
22.4318,-20.0477,2.5514,122.3
22.3488,-19.992,2.5495,122.4
22.2658,-19.9362,2.5477,122.5
22.1829,-19.8802,2.5459,122.6
22.1001,-19.8241,2.544,122.7
22.0175,-19.7679,2.5423,122.8
21.9349,-19.7115,2.5405,122.9
21.8524,-19.6549,2.5387,123.0
21.7701,-19.5982,2.537,123.1
21.6878,-19.5414,2.5352,123.2
21.6056,-19.4844,2.5335,123.3
21.5235,-19.4272,2.5318,123.4
21.4416,-19.37,2.5302,123.5
21.3597,-19.3126,2.5285,123.6
21.2779,-19.255,2.5268,123.7
21.1962,-19.1973,2.5252,123.8
21.1146,-19.1395,2.5236,123.9
21.0331,-19.0816,2.5219,124.0
20.9517,-19.0235,2.5204,124.1
20.8704,-18.9653,2.5188,124.2
20.7891,-18.907,2.5172,124.3
20.708,-18.8485,2.5156,124.4
20.627,-18.7899,2.5141,124.5
20.546,-18.7312,2.5126,124.6
20.4652,-18.6724,2.5111,124.7
20.3844,-18.6134,2.5096,124.8
20.3037,-18.5543,2.5081,124.9
20.2231,-18.4951,2.5066,125.0
20.1426,-18.4358,2.5051,125.1
20.0622,-18.3764,2.5037,125.2
19.9819,-18.3168,2.5022,125.3
19.9016,-18.2572,2.5008,125.4
19.8215,-18.1974,2.4994,125.5
19.7414,-18.1375,2.498,125.6
19.6614,-18.0775,2.4966,125.7
19.5815,-18.0174,2.4952,125.8
19.5016,-17.9571,2.4938,125.9
19.4219,-17.8968,2.4925,126.0
19.3422,-17.8363,2.4912,126.1
19.2627,-17.7758,2.4898,126.2
19.1832,-17.7151,2.4885,126.3
19.1037,-17.6544,2.4872,126.4
19.0244,-17.5935,2.4859,126.5
18.9451,-17.5325,2.4846,126.6
18.866,-17.4714,2.4833,126.7
18.7869,-17.4103,2.482,126.8
18.7078,-17.349,2.4808,126.9
18.6289,-17.2876,2.4795,127.0
18.55,-17.2261,2.4783,127.1
18.4712,-17.1646,2.4771,127.2
18.3925,-17.1029,2.4758,127.3
18.3138,-17.0411,2.4746,127.4
18.2353,-16.9793,2.4735,127.5
18.1568,-16.9173,2.4723,127.6
18.0783,-16.8553,2.4711,127.7
18.0,-16.7931,2.4699,127.8
17.9217,-16.7309,2.4688,127.9
17.8435,-16.6686,2.4676,128.0
17.7654,-16.6062,2.4665,128.1
17.6873,-16.5437,2.4653,128.2
17.6093,-16.4811,2.4642,128.3
17.5314,-16.4184,2.4631,128.4
17.4535,-16.3557,2.462,128.5
17.3758,-16.2928,2.4609,128.6
17.2981,-16.2299,2.4598,128.7
17.2204,-16.1669,2.4587,128.8
17.1428,-16.1038,2.4577,128.9
17.0653,-16.0406,2.4566,129.0
16.9879,-15.9773,2.4556,129.1
16.9105,-15.914,2.4546,129.2
16.8332,-15.8505,2.4535,129.3
16.7559,-15.787,2.4525,129.4
16.6788,-15.7235,2.4515,129.5
16.6016,-15.6598,2.4505,129.6
16.5246,-15.596,2.4495,129.7
16.4476,-15.5322,2.4485,129.8
16.3707,-15.4683,2.4475,129.9
16.2938,-15.4044,2.4465,130.0
16.217,-15.3403,2.4455,130.1
16.1403,-15.2762,2.4446,130.2
16.0636,-15.212,2.4436,130.3
15.987,-15.1477,2.4427,130.4
15.9104,-15.0834,2.4417,130.5
15.8339,-15.019,2.4408,130.6
15.7575,-14.9545,2.4399,130.7
15.6811,-14.89,2.439,130.8
15.6048,-14.8253,2.4381,130.9
15.5285,-14.7607,2.4372,131.0
15.4523,-14.6959,2.4363,131.1
15.3762,-14.6311,2.4354,131.2
15.3001,-14.5662,2.4345,131.3
15.2241,-14.5012,2.4337,131.4
15.1481,-14.4362,2.4328,131.5
15.0722,-14.3711,2.4319,131.6
14.9963,-14.3059,2.4311,131.7
14.9205,-14.2407,2.4302,131.8
14.8448,-14.1754,2.4294,131.9
14.7691,-14.1101,2.4286,132.0
14.6935,-14.0447,2.4278,132.1
14.6179,-13.9792,2.427,132.2
14.5423,-13.9137,2.4261,132.3
14.4669,-13.8481,2.4253,132.4
14.3914,-13.7824,2.4245,132.5
14.3161,-13.7167,2.4238,132.6
14.2407,-13.6509,2.423,132.7
14.1655,-13.5851,2.4222,132.8
14.0902,-13.5192,2.4214,132.9
14.0151,-13.4532,2.4207,133.0
13.94,-13.3872,2.4199,133.1
13.8649,-13.3212,2.4191,133.2
13.7899,-13.255,2.4184,133.3
13.7149,-13.1889,2.4177,133.4
13.64,-13.1226,2.4169,133.5
13.5651,-13.0563,2.4162,133.6
13.4903,-12.99,2.4155,133.7
13.4155,-12.9236,2.4148,133.8
13.3408,-12.8571,2.414,133.9
13.2661,-12.7906,2.4133,134.0
13.1915,-12.7241,2.4126,134.1
13.1169,-12.6575,2.4119,134.2
13.0423,-12.5908,2.4113,134.3
12.9678,-12.5241,2.4106,134.4
12.8934,-12.4573,2.4099,134.5
12.819,-12.3905,2.4092,134.6
12.7446,-12.3237,2.4086,134.7
12.6703,-12.2568,2.4079,134.8
12.596,-12.1898,2.4073,134.9
12.5218,-12.1228,2.4066,135.0
12.4476,-12.0557,2.406,135.1
12.3735,-11.9886,2.4053,135.2
12.2994,-11.9215,2.4047,135.3
12.2253,-11.8543,2.4041,135.4
12.1513,-11.787,2.4034,135.5
12.0774,-11.7197,2.4028,135.6
12.0034,-11.6524,2.4022,135.7
11.9295,-11.585,2.4016,135.8
11.8557,-11.5176,2.401,135.9
11.7819,-11.4501,2.4004,136.0
11.7081,-11.3826,2.3998,136.1
11.6344,-11.315,2.3992,136.2
11.5607,-11.2474,2.3987,136.3
11.487,-11.1798,2.3981,136.4
11.4134,-11.1121,2.3975,136.5
11.3399,-11.0444,2.3969,136.6
11.2663,-10.9766,2.3964,136.7
11.1928,-10.9088,2.3958,136.8
11.1194,-10.8409,2.3953,136.9
11.046,-10.773,2.3947,137.0
10.9726,-10.7051,2.3942,137.1
10.8992,-10.6371,2.3937,137.2
10.8259,-10.5691,2.3931,137.3
10.7527,-10.5011,2.3926,137.4
10.6794,-10.433,2.3921,137.5
10.6062,-10.3648,2.3915,137.6
10.5331,-10.2967,2.391,137.7
10.4599,-10.2285,2.3905,137.8
10.3868,-10.1602,2.39,137.9
10.3138,-10.092,2.3895,138.0
10.2407,-10.0236,2.389,138.1
10.1677,-9.9553,2.3885,138.2
10.0948,-9.8869,2.388,138.3
10.0219,-9.8185,2.3876,138.4
9.949,-9.75,2.3871,138.5
9.8761,-9.6815,2.3866,138.6
9.8033,-9.613,2.3861,138.7
9.7305,-9.5444,2.3857,138.8
9.6577,-9.4758,2.3852,138.9
9.585,-9.4072,2.3848,139.0
9.5123,-9.3385,2.3843,139.1
9.4396,-9.2699,2.3839,139.2
9.367,-9.2011,2.3834,139.3
9.2944,-9.1324,2.383,139.4
9.2218,-9.0636,2.3825,139.5
9.1492,-8.9948,2.3821,139.6
9.0767,-8.9259,2.3817,139.7
9.0042,-8.857,2.3813,139.8
8.9318,-8.7881,2.3808,139.9
8.8593,-8.7191,2.3804,140.0
8.7869,-8.6502,2.38,140.1
8.7146,-8.5812,2.3796,140.2
8.6422,-8.5121,2.3792,140.3
8.5699,-8.4431,2.3788,140.4
8.4976,-8.374,2.3784,140.5
8.4253,-8.3049,2.378,140.6
8.3531,-8.2357,2.3776,140.7
8.2809,-8.1665,2.3773,140.8
8.2087,-8.0973,2.3769,140.9
8.1365,-8.0281,2.3765,141.0
8.0644,-7.9588,2.3761,141.1
7.9923,-7.8895,2.3758,141.2
7.9202,-7.8202,2.3754,141.3
7.8482,-7.7509,2.375,141.4
7.7761,-7.6815,2.3747,141.5
7.7041,-7.6121,2.3743,141.6
7.6321,-7.5427,2.374,141.7
7.5602,-7.4733,2.3736,141.8
7.4883,-7.4038,2.3733,141.9
7.4163,-7.3343,2.373,142.0
7.3445,-7.2648,2.3726,142.1
7.2726,-7.1953,2.3723,142.2
7.2008,-7.1257,2.372,142.3
7.1289,-7.0561,2.3717,142.4
7.0571,-6.9865,2.3713,142.5
6.9854,-6.9169,2.371,142.6
6.9136,-6.8472,2.3707,142.7
6.8419,-6.7775,2.3704,142.8
6.7702,-6.7078,2.3701,142.9
6.6985,-6.6381,2.3698,143.0
6.6268,-6.5684,2.3695,143.1
6.5552,-6.4986,2.3692,143.2
6.4836,-6.4288,2.3689,143.3
6.412,-6.359,2.3686,143.4
6.3404,-6.2892,2.3683,143.5
6.2688,-6.2193,2.3681,143.6
6.1973,-6.1495,2.3678,143.7
6.1257,-6.0796,2.3675,143.8
6.0542,-6.0097,2.3672,143.9
5.9827,-5.9398,2.367,144.0
5.9113,-5.8698,2.3667,144.1
5.8398,-5.7999,2.3665,144.2
5.7684,-5.7299,2.3662,144.3
5.697,-5.6599,2.366,144.4
5.6256,-5.5899,2.3657,144.5
5.5542,-5.5198,2.3655,144.6
5.4828,-5.4498,2.3652,144.7
5.4115,-5.3797,2.365,144.8
5.3402,-5.3096,2.3647,144.9
5.2688,-5.2395,2.3645,145.0
5.1975,-5.1694,2.3643,145.1
5.1263,-5.0993,2.3641,145.2
5.055,-5.0291,2.3638,145.3
4.9838,-4.9589,2.3636,145.4
4.9125,-4.8888,2.3634,145.5
4.8413,-4.8186,2.3632,145.6
4.7701,-4.7483,2.363,145.7
4.6989,-4.6781,2.3628,145.8
4.6277,-4.6079,2.3626,145.9
4.5566,-4.5376,2.3624,146.0
4.4854,-4.4673,2.3622,146.1
4.4143,-4.3971,2.362,146.2
4.3432,-4.3268,2.3618,146.3
4.2721,-4.2564,2.3616,146.4
4.201,-4.1861,2.3614,146.5
4.1299,-4.1158,2.3613,146.6
4.0588,-4.0454,2.3611,146.7
3.9878,-3.9751,2.3609,146.8
3.9167,-3.9047,2.3607,146.9
3.8457,-3.8343,2.3606,147.0
3.7747,-3.7639,2.3604,147.1
3.7037,-3.6935,2.3603,147.2
3.6327,-3.6231,2.3601,147.3
3.5617,-3.5526,2.3599,147.4
3.4907,-3.4822,2.3598,147.5
3.4197,-3.4117,2.3597,147.6
3.3488,-3.3413,2.3595,147.7
3.2778,-3.2708,2.3594,147.8
3.2069,-3.2003,2.3592,147.9
3.136,-3.1298,2.3591,148.0
3.0651,-3.0593,2.359,148.1
2.9942,-2.9888,2.3588,148.2
2.9233,-2.9183,2.3587,148.3
2.8524,-2.8477,2.3586,148.4
2.7815,-2.7772,2.3585,148.5
2.7106,-2.7066,2.3583,148.6
2.6398,-2.6361,2.3582,148.7
2.5689,-2.5655,2.3581,148.8
2.4981,-2.4949,2.358,148.9
2.4272,-2.4244,2.3579,149.0
2.3564,-2.3538,2.3578,149.1
2.2856,-2.2832,2.3577,149.2
2.2147,-2.2126,2.3576,149.3
2.1439,-2.142,2.3575,149.4
2.0731,-2.0713,2.3574,149.5
2.0023,-2.0007,2.3574,149.6
1.9315,-1.9301,2.3573,149.7
1.8607,-1.8595,2.3572,149.8
1.79,-1.7888,2.3571,149.9
1.7192,-1.7182,2.357,150.0
1.6484,-1.6475,2.357,150.1
1.5777,-1.5769,2.3569,150.2
1.5069,-1.5062,2.3568,150.3
1.4361,-1.4355,2.3568,150.4
1.3654,-1.3649,2.3567,150.5
1.2946,-1.2942,2.3567,150.6
1.2239,-1.2235,2.3566,150.7
1.1531,-1.1528,2.3566,150.8
1.0824,-1.0822,2.3565,150.9
1.0117,-1.0115,2.3565,151.0
0.9409,-0.9408,2.3564,151.1
0.8702,-0.8701,2.3564,151.2
0.7995,-0.7994,2.3564,151.3
0.7288,-0.7287,2.3563,151.4
0.658,-0.658,2.3563,151.5
0.5873,-0.5873,2.3563,151.6
0.5166,-0.5166,2.3563,151.7
0.4459,-0.4459,2.3562,151.8
0.3752,-0.3752,2.3562,151.9
0.3045,-0.3045,2.3562,152.0
0.2338,-0.2338,2.3562,152.1
0.163,-0.163,2.3562,152.2
0.0923,-0.0923,2.3562,152.3
0.0216,-0.0216,2.3562,152.4
-0.0491,0.0491,2.3562,152.5
-0.1198,0.1198,2.3562,152.6
-0.1905,0.1905,2.3562,152.7
-0.2612,0.2612,2.3562,152.8
-0.3319,0.3319,2.3562,152.9
-0.4026,0.4026,2.3563,153.0
-0.4734,0.4733,2.3563,153.1
-0.5441,0.544,2.3563,153.2
-0.6148,0.6147,2.3563,153.3
-0.6855,0.6855,2.3564,153.4
-0.7562,0.7562,2.3564,153.5
-0.827,0.8268,2.3564,153.6
-0.8977,0.8975,2.3565,153.7
-0.9684,0.9682,2.3565,153.8
-1.0391,1.0389,2.3565,153.9
-1.1099,1.1096,2.3566,154.0
-1.1806,1.1803,2.3566,154.1
-1.2514,1.251,2.3567,154.2
-1.3221,1.3216,2.3567,154.3
-1.3929,1.3923,2.3568,154.4
-1.4636,1.463,2.3569,154.5
-1.5344,1.5336,2.3569,154.6
-1.6051,1.6043,2.357,154.7
-1.6759,1.675,2.3571,154.8
-1.7467,1.7456,2.3571,154.9
-1.8175,1.8163,2.3572,155.0
-1.8882,1.8869,2.3573,155.1
-1.959,1.9575,2.3574,155.2
-2.0298,2.0281,2.3575,155.3
-2.1006,2.0988,2.3576,155.4
-2.1714,2.1694,2.3577,155.5
-2.2422,2.24,2.3578,155.6
-2.3131,2.3106,2.3579,155.7
-2.3839,2.3812,2.358,155.8
-2.4547,2.4518,2.3581,155.9
-2.5256,2.5223,2.3582,156.0
-2.5964,2.5929,2.3583,156.1
-2.6673,2.6635,2.3584,156.2
-2.7381,2.734,2.3585,156.3
-2.809,2.8046,2.3586,156.4
-2.8799,2.8751,2.3588,156.5
-2.9508,2.9457,2.3589,156.6
-3.0217,3.0162,2.359,156.7
-3.0926,3.0867,2.3591,156.8
-3.1635,3.1572,2.3593,156.9
-3.2345,3.2277,2.3594,157.0
-3.3054,3.2982,2.3596,157.1
-3.3763,3.3686,2.3597,157.2
-3.4473,3.4391,2.3599,157.3
-3.5183,3.5095,2.36,157.4
-3.5892,3.58,2.3602,157.5
-3.6602,3.6504,2.3603,157.6
-3.7312,3.7208,2.3605,157.7
-3.8023,3.7912,2.3606,157.8
-3.8733,3.8616,2.3608,157.9
-3.9443,3.932,2.361,158.0
-4.0154,4.0024,2.3612,158.1
-4.0864,4.0727,2.3613,158.2
-4.1575,4.1431,2.3615,158.3
-4.2286,4.2134,2.3617,158.4
-4.2997,4.2838,2.3619,158.5
-4.3708,4.3541,2.3621,158.6
-4.4419,4.4244,2.3623,158.7
-4.5131,4.4946,2.3625,158.8
-4.5842,4.5649,2.3627,158.9
-4.6554,4.6351,2.3629,159.0
-4.7266,4.7054,2.3631,159.1
-4.7977,4.7756,2.3633,159.2
-4.869,4.8458,2.3635,159.3
-4.9402,4.916,2.3637,159.4
-5.0114,4.9862,2.3639,159.5
-5.0827,5.0563,2.3641,159.6
-5.1539,5.1265,2.3644,159.7
-5.2252,5.1966,2.3646,159.8
-5.2965,5.2667,2.3648,159.9
-5.3679,5.3368,2.3651,160.0
-5.4392,5.4069,2.3653,160.1
-5.5105,5.477,2.3656,160.2
-5.5819,5.547,2.3658,160.3
-5.6533,5.6171,2.3661,160.4
-5.7247,5.6871,2.3663,160.5
-5.7961,5.7571,2.3666,160.6
-5.8676,5.827,2.3668,160.7
-5.939,5.897,2.3671,160.8
-6.0105,5.9669,2.3674,160.9
-6.082,6.0368,2.3676,161.0
-6.1535,6.1067,2.3679,161.1
-6.225,6.1766,2.3682,161.2
-6.2966,6.2465,2.3685,161.3
-6.3682,6.3163,2.3687,161.4
-6.4398,6.3861,2.369,161.5
-6.5114,6.4559,2.3693,161.6
-6.583,6.5257,2.3696,161.7
-6.6547,6.5955,2.3699,161.8
-6.7263,6.6652,2.3702,161.9
-6.798,6.7349,2.3705,162.0
-6.8697,6.8046,2.3708,162.1
-6.9415,6.8743,2.3711,162.2
-7.0132,6.9439,2.3715,162.3
-7.085,7.0135,2.3718,162.4
-7.1568,7.0831,2.3721,162.5
-7.2287,7.1527,2.3724,162.6
-7.3005,7.2223,2.3728,162.7
-7.3724,7.2918,2.3731,162.8
-7.4443,7.3613,2.3734,162.9
-7.5162,7.4308,2.3738,163.0
-7.5881,7.5002,2.3741,163.1
-7.6601,7.5697,2.3745,163.2
-7.7321,7.6391,2.3748,163.3
-7.8041,7.7085,2.3752,163.4
-7.8761,7.7778,2.3755,163.5
-7.9482,7.8471,2.3759,163.6
-8.0203,7.9164,2.3763,163.7
-8.0924,7.9857,2.3766,163.8
-8.1646,8.055,2.377,163.9
-8.2367,8.1242,2.3774,164.0
-8.3089,8.1934,2.3778,164.1
-8.3811,8.2626,2.3782,164.2
-8.4534,8.3317,2.3786,164.3
-8.5257,8.4008,2.379,164.4
-8.598,8.4699,2.3794,164.5
-8.6703,8.5389,2.3798,164.6
-8.7427,8.608,2.3802,164.7
-8.815,8.677,2.3806,164.8
-8.8875,8.7459,2.381,164.9
-8.9599,8.8149,2.3814,165.0
-9.0324,8.8838,2.3818,165.1
-9.1049,8.9526,2.3823,165.2
-9.1774,9.0215,2.3827,165.3
-9.25,9.0903,2.3831,165.4
-9.3226,9.1591,2.3836,165.5
-9.3952,9.2278,2.384,165.6
-9.4678,9.2965,2.3845,165.7
-9.5405,9.3652,2.3849,165.8
-9.6132,9.4339,2.3854,165.9
-9.686,9.5025,2.3859,166.0
-9.7587,9.5711,2.3863,166.1
-9.8316,9.6396,2.3868,166.2
-9.9044,9.7081,2.3873,166.3
-9.9773,9.7766,2.3878,166.4
-10.0502,9.8451,2.3882,166.5
-10.1231,9.9135,2.3887,166.6
-10.1961,9.9818,2.3892,166.7
-10.2691,10.0502,2.3897,166.8
-10.3421,10.1185,2.3902,166.9
-10.4152,10.1867,2.3907,167.0
-10.4883,10.255,2.3912,167.1
-10.5615,10.3232,2.3918,167.2
-10.6346,10.3913,2.3923,167.3
-10.7079,10.4594,2.3928,167.4
-10.7811,10.5275,2.3933,167.5
-10.8544,10.5955,2.3939,167.6
-10.9277,10.6635,2.3944,167.7
-11.0011,10.7315,2.3949,167.8
-11.0745,10.7994,2.3955,167.9
-11.1479,10.8673,2.396,168.0
-11.2214,10.9351,2.3966,168.1
-11.2949,11.0029,2.3972,168.2
-11.3684,11.0707,2.3977,168.3
-11.442,11.1384,2.3983,168.4
-11.5156,11.2061,2.3989,168.5
-11.5893,11.2737,2.3995,168.6
-11.663,11.3413,2.4001,168.7
-11.7368,11.4088,2.4006,168.8
-11.8105,11.4763,2.4013,168.9
-11.8844,11.5438,2.4018,169.0
-11.9582,11.6112,2.4025,169.1
-12.0321,11.6786,2.4031,169.2
-12.1061,11.7459,2.4037,169.3
-12.1801,11.8131,2.4043,169.4
-12.2541,11.8804,2.4049,169.5
-12.3282,11.9476,2.4056,169.6
-12.4023,12.0147,2.4062,169.7
-12.4764,12.0818,2.4069,169.8
-12.5506,12.1488,2.4075,169.9
-12.6249,12.2158,2.4082,170.0
-12.6992,12.2827,2.4088,170.1
-12.7735,12.3496,2.4095,170.2
-12.8479,12.4165,2.4102,170.3
-12.9223,12.4833,2.4108,170.4
-12.9968,12.55,2.4115,170.5
-13.0713,12.6167,2.4122,170.6
-13.1458,12.6834,2.4129,170.7
-13.2205,12.7499,2.4136,170.8
-13.2951,12.8165,2.4143,170.9
-13.3698,12.883,2.415,171.0
-13.4445,12.9494,2.4157,171.1
-13.5193,13.0158,2.4165,171.2
-13.5942,13.0821,2.4172,171.3
-13.6691,13.1484,2.4179,171.4
-13.744,13.2146,2.4187,171.5
-13.819,13.2807,2.4194,171.6
-13.894,13.3468,2.4202,171.7
-13.9691,13.4129,2.421,171.8
-14.0443,13.4789,2.4217,171.9
-14.1195,13.5448,2.4225,172.0
-14.1947,13.6107,2.4233,172.1
-14.27,13.6765,2.4241,172.2
-14.3453,13.7422,2.4248,172.3
-14.4207,13.8079,2.4257,172.4
-14.4962,13.8736,2.4264,172.5
-14.5717,13.9391,2.4273,172.6
-14.6472,14.0046,2.4281,172.7
-14.7228,14.0701,2.4289,172.8
-14.7985,14.1355,2.4297,172.9
-14.8742,14.2008,2.4306,173.0
-14.95,14.2661,2.4314,173.1
-15.0258,14.3313,2.4323,173.2
-15.1017,14.3964,2.4331,173.3
-15.1776,14.4615,2.434,173.4
-15.2536,14.5265,2.4349,173.5
-15.3297,14.5914,2.4357,173.6
-15.4058,14.6563,2.4367,173.7
-15.4819,14.7211,2.4375,173.8
-15.5581,14.7858,2.4384,173.9
-15.6344,14.8505,2.4393,174.0
-15.7108,14.915,2.4403,174.1
-15.7872,14.9796,2.4412,174.2
-15.8636,15.044,2.4421,174.3
-15.9401,15.1084,2.4431,174.4
-16.0167,15.1727,2.444,174.5
-16.0934,15.237,2.445,174.6
-16.1701,15.3011,2.4459,174.7
-16.2468,15.3652,2.4469,174.8
-16.3237,15.4292,2.4479,174.9
-16.4005,15.4932,2.4488,175.0
-16.4775,15.557,2.4499,175.1
-16.5545,15.6208,2.4508,175.2
-16.6316,15.6845,2.4519,175.3
-16.7087,15.7482,2.4529,175.4
-16.7859,15.8117,2.4539,175.5
-16.8632,15.8752,2.455,175.6
-16.9405,15.9386,2.456,175.7
-17.0179,16.0019,2.457,175.8
-17.0954,16.0651,2.4581,175.9
-17.1729,16.1283,2.4592,176.0
-17.2506,16.1913,2.4603,176.1
-17.3282,16.2543,2.4613,176.2
-17.406,16.3172,2.4624,176.3
-17.4838,16.38,2.4636,176.4
-17.5617,16.4428,2.4647,176.5
-17.6396,16.5054,2.4658,176.6
-17.7176,16.568,2.4669,176.7
-17.7957,16.6304,2.4681,176.8
-17.8739,16.6928,2.4692,176.9
-17.9521,16.7551,2.4704,177.0
-18.0304,16.8173,2.4715,177.1
-18.1088,16.8794,2.4727,177.2
-18.1872,16.9414,2.4739,177.3
-18.2658,17.0033,2.4751,177.4
-18.3444,17.0651,2.4763,177.5
-18.423,17.1269,2.4776,177.6
-18.5018,17.1885,2.4788,177.7
-18.5806,17.25,2.48,177.8
-18.6595,17.3115,2.4813,177.9
-18.7385,17.3728,2.4825,178.0
-18.8176,17.434,2.4838,178.1
-18.8967,17.4952,2.4851,178.2
-18.9759,17.5562,2.4864,178.3
-19.0552,17.6171,2.4877,178.4
-19.1346,17.678,2.489,178.5
-19.214,17.7387,2.4903,178.6
-19.2936,17.7993,2.4917,178.7
-19.3732,17.8598,2.493,178.8
-19.4529,17.9202,2.4944,178.9
-19.5326,17.9805,2.4957,179.0
-19.6125,18.0407,2.4971,179.1
-19.6924,18.1008,2.4985,179.2
-19.7725,18.1608,2.4999,179.3
-19.8526,18.2206,2.5013,179.4
-19.9328,18.2804,2.5028,179.5
-20.0131,18.34,2.5042,179.6
-20.0934,18.3995,2.5057,179.7
-20.1739,18.4589,2.5071,179.8
-20.2544,18.5182,2.5086,179.9
-20.335,18.5773,2.5101,180.0
-20.4158,18.6363,2.5116,180.1
-20.4966,18.6952,2.5132,180.2
-20.5775,18.754,2.5147,180.3
-20.6584,18.8127,2.5162,180.4
-20.7395,18.8712,2.5178,180.5
-20.8207,18.9297,2.5194,180.6
-20.9019,18.9879,2.521,180.7
-20.9833,19.0461,2.5226,180.8
-21.0647,19.1041,2.5242,180.9
-21.1463,19.162,2.5258,181.0
-21.2279,19.2198,2.5275,181.1
-21.3096,19.2774,2.5291,181.2
-21.3915,19.3349,2.5308,181.3
-21.4734,19.3922,2.5325,181.4
-21.5554,19.4494,2.5342,181.5
-21.6375,19.5065,2.5359,181.6
-21.7197,19.5634,2.5377,181.7
-21.802,19.6202,2.5394,181.8
-21.8844,19.6769,2.5412,181.9
-21.967,19.7334,2.5429,182.0
-22.0496,19.7897,2.5447,182.1
-22.1323,19.8459,2.5466,182.2
-22.2151,19.902,2.5484,182.3
-22.298,19.9579,2.5502,182.4
-22.381,20.0136,2.5521,182.5
-22.4641,20.0692,2.554,182.6
-22.5474,20.1247,2.5559,182.7
-22.6307,20.1799,2.5578,182.8
-22.7141,20.2351,2.5597,182.9
-22.7977,20.29,2.5617,183.0
-22.8813,20.3448,2.5637,183.1
-22.9651,20.3994,2.5657,183.2
-23.049,20.4539,2.5677,183.3
-23.1329,20.5082,2.5697,183.4
-23.217,20.5623,2.5717,183.5
-23.3012,20.6163,2.5738,183.6
-23.3855,20.67,2.5759,183.7
-23.47,20.7236,2.578,183.8
-23.5545,20.7771,2.5801,183.9
-23.6391,20.8303,2.5823,184.0
-23.7239,20.8834,2.5844,184.1
-23.8088,20.9363,2.5866,184.2
-23.8938,20.9889,2.5888,184.3
-23.9789,21.0415,2.591,184.4
-24.0641,21.0938,2.5933,184.5
-24.1494,21.1459,2.5956,184.6
-24.2349,21.1978,2.5978,184.7
-24.3205,21.2496,2.6002,184.8
-24.4062,21.3011,2.6025,184.9
-24.492,21.3524,2.6049,185.0
-24.5779,21.4036,2.6073,185.1
-24.664,21.4545,2.6097,185.2
-24.7502,21.5052,2.6121,185.3
-24.8365,21.5557,2.6145,185.4
-24.9229,21.606,2.617,185.5
-25.0095,21.6561,2.6195,185.6
-25.0961,21.706,2.6221,185.7
-25.183,21.7556,2.6246,185.8
-25.2699,21.805,2.6272,185.9
-25.3569,21.8542,2.6298,186.0
-25.4441,21.9032,2.6324,186.1
-25.5314,21.952,2.6351,186.2
-25.6189,22.0005,2.6377,186.3
-25.7065,22.0488,2.6405,186.4
-25.7942,22.0968,2.6432,186.5
-25.882,22.1446,2.646,186.6
-25.97,22.1922,2.6487,186.7
-26.0581,22.2395,2.6516,186.8
-26.1463,22.2865,2.6545,186.9
-26.2347,22.3333,2.6573,187.0
-26.3232,22.3799,2.6602,187.1
-26.4118,22.4262,2.6632,187.2
-26.5006,22.4722,2.6661,187.3
-26.5895,22.518,2.6691,187.4
-26.6785,22.5635,2.6722,187.5
-26.7677,22.6087,2.6752,187.6
-26.857,22.6537,2.6784,187.7
-26.9465,22.6984,2.6815,187.8
-27.0361,22.7428,2.6846,187.9
-27.1258,22.7869,2.6879,188.0
-27.2157,22.8308,2.6911,188.1
-27.3057,22.8743,2.6944,188.2
-27.3959,22.9175,2.6976,188.3
-27.4862,22.9605,2.701,188.4
-27.5767,23.0031,2.7044,188.5
-27.6673,23.0455,2.7077,188.6
-27.758,23.0875,2.7112,188.7
-27.8489,23.1293,2.7147,188.8
-27.9399,23.1707,2.7182,188.9
-28.0311,23.2117,2.7217,189.0
-28.1224,23.2525,2.7254,189.1
-28.2138,23.2929,2.729,189.2
-28.3054,23.333,2.7327,189.3
-28.3972,23.3728,2.7364,189.4
-28.4891,23.4122,2.7401,189.5
-28.5812,23.4513,2.7439,189.6
-28.6733,23.49,2.7477,189.7
-28.7657,23.5284,2.7517,189.8
-28.8582,23.5664,2.7556,189.9
-28.9508,23.6041,2.7595,190.0
-29.0436,23.6413,2.7636,190.1
-29.1366,23.6783,2.7676,190.2
-29.2296,23.7148,2.7717,190.3
-29.3229,23.7509,2.7759,190.4
-29.4163,23.7867,2.78,190.5
-29.5098,23.8221,2.7843,190.6
-29.6035,23.8571,2.7886,190.7
-29.6973,23.8916,2.7929,190.8
-29.7913,23.9258,2.7973,190.9
-29.8854,23.9596,2.8017,191.0
-29.9797,23.9929,2.8062,191.1
-30.0741,24.0258,2.8107,191.2
-30.1687,24.0583,2.8153,191.3
-30.2634,24.0903,2.82,191.4
-30.3583,24.1219,2.8247,191.5
-30.4533,24.1531,2.8294,191.6
-30.5485,24.1838,2.8342,191.7
-30.6438,24.2141,2.839,191.8
-30.7393,24.2439,2.8439,191.9
-30.8349,24.2732,2.8489,192.0
-30.9306,24.3021,2.8539,192.1
-31.0265,24.3304,2.859,192.2
-31.1225,24.3583,2.8641,192.3
-31.2187,24.3857,2.8693,192.4
-31.315,24.4126,2.8745,192.5
-31.4115,24.439,2.8798,192.6
-31.5081,24.4649,2.8852,192.7
-31.6048,24.4902,2.8906,192.8
-31.7017,24.5151,2.8961,192.9
-31.7987,24.5394,2.9017,193.0
-31.8958,24.5631,2.9073,193.1
-31.9931,24.5864,2.9129,193.2
-32.0905,24.609,2.9187,193.3
-32.188,24.6311,2.9245,193.4
-32.2857,24.6527,2.9303,193.5
-32.3834,24.6736,2.9363,193.6
-32.4813,24.694,2.9422,193.7
-32.5793,24.7138,2.9483,193.8
-32.6775,24.7331,2.9545,193.9
-32.7757,24.7517,2.9606,194.0
-32.8741,24.7697,2.9669,194.1
-32.9726,24.787,2.9732,194.2
-33.0712,24.8038,2.9796,194.3
-33.1699,24.8199,2.986,194.4
-33.2687,24.8354,2.9926,194.5
-33.3675,24.8503,2.9992,194.6
-33.4665,24.8644,3.0059,194.7
-33.5656,24.878,3.0126,194.8
-33.6648,24.8908,3.0195,194.9
-33.764,24.903,3.0263,195.0
-33.8634,24.9145,3.0332,195.1
-33.9628,24.9253,3.0403,195.2
-34.0623,24.9355,3.0474,195.3
-34.1618,24.9449,3.0545,195.4
-34.2615,24.9536,3.0618,195.5
-34.3611,24.9615,3.0691,195.6
-34.4609,24.9688,3.0764,195.7
-34.5607,24.9753,3.0839,195.8
-34.6605,24.9811,3.0914,195.9
-34.7604,24.9861,3.099,196.0
-34.8603,24.9903,3.1067,196.1
-34.9602,24.9938,3.1144,196.2
-35.0602,24.9965,3.1222,196.3
-35.1602,24.9985,3.13,196.4
-35.2601,24.9996,3.138,196.5
-35.3601,25.0,-3.1372,196.6
-35.4601,24.9996,-3.1291,196.7
-35.5601,24.9983,-3.121,196.8
-35.6601,24.9962,-3.1128,196.9
-35.7601,24.9934,-3.1045,197.0
-35.86,24.9897,-3.0962,197.1
-35.9599,24.9851,-3.0878,197.2
-36.0598,24.9797,-3.0794,197.3
-36.1596,24.9735,-3.0708,197.4
-36.2593,24.9664,-3.0622,197.5
-36.359,24.9585,-3.0536,197.6
-36.4586,24.9497,-3.0449,197.7
-36.5581,24.9401,-3.0361,197.8
-36.6576,24.9295,-3.0273,197.9
-36.7569,24.9181,-3.0184,198.0
-36.8562,24.9059,-3.0095,198.1
-36.9553,24.8927,-3.0005,198.2
-37.0543,24.8786,-2.9915,198.3
-37.1532,24.8637,-2.9825,198.4
-37.2519,24.8478,-2.9734,198.5
-37.3505,24.8311,-2.9642,198.6
-37.4489,24.8134,-2.955,198.7
-37.5472,24.7949,-2.9458,198.8
-37.6453,24.7754,-2.9365,198.9
-37.7432,24.7551,-2.9271,199.0
-37.8409,24.7338,-2.9178,199.1
-37.9384,24.7116,-2.9085,199.2
-38.0357,24.6885,-2.899,199.3
-38.1328,24.6645,-2.8896,199.4
-38.2296,24.6395,-2.8801,199.5
-38.3262,24.6137,-2.8707,199.6
-38.4226,24.5869,-2.8612,199.7
-38.5187,24.5592,-2.8516,199.8
-38.6145,24.5306,-2.8421,199.9
-38.71,24.5011,-2.8325,200.0
-38.8053,24.4707,-2.823,200.1
-38.9003,24.4394,-2.8134,200.2
-38.9949,24.4072,-2.8038,200.3
-39.0893,24.374,-2.7942,200.4
-39.1833,24.34,-2.7846,200.5
-39.277,24.305,-2.7751,200.6
-39.3704,24.2692,-2.7655,200.7
-39.4634,24.2325,-2.7559,200.8
-39.556,24.1949,-2.7464,200.9
-39.6483,24.1563,-2.7368,201.0
-39.7402,24.117,-2.7273,201.1
-39.8318,24.0767,-2.7178,201.2
-39.9229,24.0356,-2.7083,201.3
-40.0137,23.9936,-2.6988,201.4
-40.104,23.9508,-2.6893,201.5
-40.194,23.9071,-2.6799,201.6
-40.2835,23.8625,-2.6705,201.7
-40.3726,23.8171,-2.6612,201.8
-40.4613,23.7709,-2.6518,201.9
-40.5495,23.7239,-2.6425,202.0
-40.6373,23.676,-2.6332,202.1
-40.7247,23.6273,-2.624,202.2
-40.8116,23.5779,-2.6148,202.3
-40.898,23.5276,-2.6056,202.4
-40.984,23.4765,-2.5966,202.5
-41.0695,23.4247,-2.5875,202.6
-41.1546,23.372,-2.5785,202.7
-41.2391,23.3187,-2.5695,202.8
-41.3232,23.2645,-2.5606,202.9
-41.4068,23.2096,-2.5518,203.0
-41.4899,23.154,-2.5429,203.1
-41.5725,23.0977,-2.5341,203.2
-41.6546,23.0406,-2.5255,203.3
-41.7362,22.9828,-2.5168,203.4
-41.8173,22.9243,-2.5082,203.5
-41.8979,22.8651,-2.4997,203.6
-41.978,22.8052,-2.4912,203.7
-42.0576,22.7447,-2.4827,203.8
-42.1367,22.6835,-2.4744,203.9
-42.2152,22.6216,-2.4661,204.0
-42.2933,22.5591,-2.4579,204.1
-42.3708,22.4959,-2.4497,204.2
-42.4478,22.4321,-2.4416,204.3
-42.5243,22.3677,-2.4336,204.4
-42.6003,22.3027,-2.4256,204.5
-42.6757,22.237,-2.4176,204.6
-42.7506,22.1708,-2.4099,204.7
-42.825,22.104,-2.4021,204.8
-42.8989,22.0366,-2.3943,204.9
-42.9723,21.9686,-2.3867,205.0
-43.0451,21.9001,-2.3791,205.1
-43.1174,21.831,-2.3716,205.2
-43.1892,21.7614,-2.3641,205.3
-43.2605,21.6913,-2.3568,205.4
-43.3312,21.6206,-2.3494,205.5
-43.4014,21.5494,-2.3422,205.6
-43.4712,21.4777,-2.335,205.7
-43.5404,21.4055,-2.3279,205.8
-43.609,21.3328,-2.3208,205.9
-43.6772,21.2597,-2.3138,206.0
-43.7449,21.186,-2.3069,206.1
-43.812,21.1119,-2.3,206.2
-43.8786,21.0373,-2.2933,206.3
-43.9447,20.9623,-2.2865,206.4
-44.0104,20.8869,-2.2798,206.5
-44.0755,20.811,-2.2732,206.6
-44.1401,20.7346,-2.2666,206.7
-44.2042,20.6579,-2.2602,206.8
-44.2678,20.5807,-2.2538,206.9
-44.3309,20.5032,-2.2474,207.0
-44.3935,20.4252,-2.2411,207.1
-44.4556,20.3468,-2.2349,207.2
-44.5173,20.2681,-2.2287,207.3
-44.5784,20.1889,-2.2226,207.4
-44.6391,20.1094,-2.2166,207.5
-44.6993,20.0296,-2.2106,207.6
-44.759,19.9494,-2.2046,207.7
-44.8182,19.8688,-2.1987,207.8
-44.8769,19.7879,-2.1929,207.9
-44.9352,19.7066,-2.1872,208.0
-44.993,19.625,-2.1814,208.1
-45.0503,19.5431,-2.1757,208.2
-45.1072,19.4608,-2.1701,208.3
-45.1636,19.3782,-2.1646,208.4
-45.2196,19.2954,-2.1591,208.5
-45.2751,19.2122,-2.1537,208.6
-45.3301,19.1287,-2.1483,208.7
-45.3847,19.0449,-2.1429,208.8
-45.4388,18.9608,-2.1376,208.9
-45.4925,18.8765,-2.1324,209.0
-45.5458,18.7918,-2.1272,209.1
-45.5986,18.7069,-2.1221,209.2
-45.651,18.6217,-2.117,209.3
-45.7029,18.5363,-2.112,209.4
-45.7545,18.4506,-2.107,209.5
-45.8055,18.3646,-2.102,209.6
-45.8562,18.2784,-2.0971,209.7
-45.9064,18.1919,-2.0923,209.8
-45.9562,18.1052,-2.0875,209.9
-46.0056,18.0183,-2.0827,210.0
-46.0546,17.9311,-2.078,210.1
-46.1032,17.8437,-2.0733,210.2
-46.1514,17.756,-2.0687,210.3
-46.1991,17.6682,-2.0641,210.4
-46.2465,17.5801,-2.0595,210.5
-46.2934,17.4918,-2.055,210.6
-46.34,17.4033,-2.0505,210.7
-46.3861,17.3146,-2.0461,210.8
-46.4319,17.2257,-2.0417,210.9
-46.4773,17.1365,-2.0374,211.0
-46.5222,17.0472,-2.0331,211.1
-46.5668,16.9577,-2.0288,211.2
-46.6111,16.868,-2.0245,211.3
-46.6549,16.7782,-2.0203,211.4
-46.6983,16.6881,-2.0162,211.5
-46.7414,16.5978,-2.0121,211.6
-46.7841,16.5074,-2.008,211.7
-46.8265,16.4168,-2.0039,211.8
-46.8684,16.3261,-1.9999,211.9
-46.9101,16.2351,-1.9959,212.0
-46.9513,16.144,-1.992,212.1
-46.9922,16.0528,-1.988,212.2
-47.0327,15.9613,-1.9842,212.3
-47.0729,15.8698,-1.9803,212.4
-47.1127,15.778,-1.9765,212.5
-47.1521,15.6862,-1.9727,212.6
-47.1913,15.5941,-1.9689,212.7
-47.23,15.5019,-1.9652,212.8
-47.2684,15.4096,-1.9615,212.9
-47.3065,15.3172,-1.9578,213.0
-47.3443,15.2245,-1.9542,213.1
-47.3817,15.1318,-1.9505,213.2
-47.4187,15.0389,-1.9469,213.3
-47.4555,14.9459,-1.9434,213.4
-47.4919,14.8528,-1.9398,213.5
-47.5279,14.7595,-1.9363,213.6
-47.5637,14.6661,-1.9329,213.7
-47.5991,14.5726,-1.9294,213.8
-47.6342,14.479,-1.926,213.9
-47.669,14.3852,-1.9226,214.0
-47.7034,14.2913,-1.9192,214.1
-47.7376,14.1973,-1.9158,214.2
-47.7714,14.1032,-1.9125,214.3
-47.8049,14.009,-1.9092,214.4
-47.8381,13.9147,-1.9059,214.5
-47.871,13.8203,-1.9027,214.6
-47.9036,13.7257,-1.8994,214.7
-47.9359,13.6311,-1.8963,214.8
-47.9678,13.5363,-1.893,214.9
-47.9995,13.4415,-1.8899,215.0
-48.0309,13.3465,-1.8867,215.1
-48.062,13.2515,-1.8836,215.2
-48.0927,13.1563,-1.8805,215.3
-48.1232,13.0611,-1.8774,215.4
-48.1534,12.9657,-1.8744,215.5
-48.1833,12.8703,-1.8713,215.6
-48.2129,12.7748,-1.8683,215.7
-48.2422,12.6792,-1.8653,215.8
-48.2712,12.5835,-1.8623,215.9
-48.3,12.4877,-1.8593,216.0
-48.3284,12.3918,-1.8564,216.1
-48.3566,12.2959,-1.8535,216.2
-48.3845,12.1999,-1.8506,216.3
-48.4121,12.1037,-1.8477,216.4
-48.4394,12.0076,-1.8448,216.5
-48.4665,11.9113,-1.8419,216.6
-48.4933,11.8149,-1.8391,216.7
-48.5198,11.7185,-1.8363,216.8
-48.546,11.622,-1.8335,216.9
-48.572,11.5254,-1.8307,217.0
-48.5977,11.4288,-1.8279,217.1
-48.6231,11.3321,-1.8251,217.2
-48.6483,11.2353,-1.8224,217.3
-48.6732,11.1385,-1.8197,217.4
-48.6978,11.0415,-1.817,217.5
-48.7222,10.9446,-1.8143,217.6
-48.7463,10.8475,-1.8116,217.7
-48.7701,10.7504,-1.809,217.8
-48.7937,10.6532,-1.8063,217.9
-48.8171,10.556,-1.8037,218.0
-48.8401,10.4587,-1.801,218.1
-48.863,10.3613,-1.7984,218.2
-48.8855,10.2639,-1.7958,218.3
-48.9078,10.1664,-1.7932,218.4
-48.9299,10.0689,-1.7907,218.5
-48.9517,9.9713,-1.7881,218.6
-48.9733,9.8736,-1.7855,218.7
-48.9946,9.7759,-1.783,218.8
-49.0156,9.6782,-1.7805,218.9
-49.0365,9.5804,-1.778,219.0
-49.057,9.4825,-1.7755,219.1
-49.0774,9.3846,-1.773,219.2
-49.0974,9.2866,-1.7705,219.3
-49.1173,9.1886,-1.7681,219.4
-49.1369,9.0906,-1.7656,219.5
-49.1562,8.9924,-1.7632,219.6
-49.1754,8.8943,-1.7608,219.7
-49.1942,8.7961,-1.7583,219.8
-49.2129,8.6978,-1.7559,219.9
-49.2313,8.5996,-1.7535,220.0
-49.2495,8.5012,-1.7511,220.1
-49.2674,8.4028,-1.7488,220.2
-49.2851,8.3044,-1.7464,220.3
-49.3026,8.206,-1.744,220.4
-49.3198,8.1075,-1.7417,220.5
-49.3368,8.0089,-1.7394,220.6
-49.3536,7.9103,-1.737,220.7
-49.3701,7.8117,-1.7347,220.8
-49.3864,7.713,-1.7324,220.9
-49.4025,7.6144,-1.7301,221.0
-49.4184,7.5156,-1.7278,221.1
-49.434,7.4168,-1.7255,221.2
-49.4494,7.318,-1.7232,221.3
-49.4646,7.2192,-1.7209,221.4
-49.4796,7.1203,-1.7187,221.5
-49.4943,7.0214,-1.7164,221.6
-49.5088,6.9225,-1.7142,221.7
-49.5231,6.8235,-1.7119,221.8
-49.5372,6.7245,-1.7097,221.9
-49.551,6.6255,-1.7075,222.0
-49.5647,6.5264,-1.7052,222.1
-49.5781,6.4273,-1.703,222.2
-49.5912,6.3282,-1.7009,222.3
-49.6042,6.229,-1.6986,222.4
-49.617,6.1298,-1.6964,222.5
-49.6295,6.0306,-1.6943,222.6
-49.6418,5.9314,-1.6921,222.7
-49.6539,5.8321,-1.6899,222.8
-49.6658,5.7328,-1.6877,222.9
-49.6775,5.6335,-1.6856,223.0
-49.6889,5.5342,-1.6835,223.1
-49.7002,5.4348,-1.6813,223.2
-49.7112,5.3354,-1.6791,223.3
-49.722,5.236,-1.677,223.4
-49.7326,5.1366,-1.6749,223.5
-49.743,5.0371,-1.6728,223.6
-49.7532,4.9376,-1.6706,223.7
-49.7631,4.8381,-1.6685,223.8
-49.7729,4.7386,-1.6664,223.9
-49.7824,4.639,-1.6643,224.0
-49.7918,4.5395,-1.6622,224.1
-49.8009,4.4399,-1.6601,224.2
-49.8098,4.3403,-1.658,224.3
-49.8185,4.2407,-1.6559,224.4
-49.827,4.141,-1.6538,224.5
-49.8353,4.0414,-1.6517,224.6
-49.8434,3.9417,-1.6497,224.7
-49.8513,3.842,-1.6476,224.8
-49.859,3.7423,-1.6455,224.9
-49.8664,3.6426,-1.6435,225.0
-49.8737,3.5429,-1.6414,225.1
-49.8807,3.4431,-1.6393,225.2
-49.8876,3.3433,-1.6373,225.3
-49.8942,3.2436,-1.6353,225.4
-49.9007,3.1438,-1.6332,225.5
-49.9069,3.044,-1.6311,225.6
-49.9129,2.9442,-1.6291,225.7
-49.9188,2.8443,-1.6271,225.8
-49.9244,2.7445,-1.625,225.9
-49.9298,2.6446,-1.623,226.0
-49.935,2.5448,-1.621,226.1
-49.94,2.4449,-1.6189,226.2
-49.9449,2.345,-1.6169,226.3
-49.9495,2.2451,-1.6149,226.4
-49.9539,2.1452,-1.6129,226.5
-49.9581,2.0453,-1.6108,226.6
-49.9621,1.9454,-1.6088,226.7
-49.9659,1.8455,-1.6068,226.8
-49.9695,1.7455,-1.6048,226.9
-49.9729,1.6456,-1.6028,227.0
-49.9761,1.5456,-1.6008,227.1
-49.9791,1.4457,-1.5988,227.2
-49.9819,1.3457,-1.5967,227.3
-49.9845,1.2457,-1.5947,227.4
-49.9869,1.1458,-1.5927,227.5
-49.9891,1.0458,-1.5907,227.6
-49.991,0.9458,-1.5887,227.7
-49.9928,0.8458,-1.5867,227.8
-49.9944,0.7458,-1.5847,227.9
-49.9958,0.6459,-1.5827,228.0
-49.997,0.5459,-1.5807,228.1
-49.998,0.4459,-1.5787,228.2
-49.9988,0.3459,-1.5767,228.3
-49.9994,0.2459,-1.5747,228.4
-49.9998,0.1459,-1.5727,228.5
-50.0,0.0459,-1.5707,228.6
-50.0,-0.0541,-1.5687,228.7
-49.9998,-0.1541,-1.5667,228.8
-49.9994,-0.2541,-1.5647,228.9
-49.9987,-0.3541,-1.5627,229.0
-49.9979,-0.4541,-1.5607,229.1
-49.9969,-0.5541,-1.5587,229.2
-49.9957,-0.6541,-1.5567,229.3
-49.9943,-0.7541,-1.5547,229.4
-49.9927,-0.8541,-1.5527,229.5
-49.9909,-0.9541,-1.5507,229.6
-49.9889,-1.0541,-1.5487,229.7
-49.9867,-1.154,-1.5467,229.8
-49.9843,-1.254,-1.5447,229.9
-49.9816,-1.354,-1.5427,230.0
-49.9788,-1.4539,-1.5407,230.1
-49.9758,-1.5539,-1.5387,230.2
-49.9726,-1.6538,-1.5366,230.3
-49.9692,-1.7538,-1.5346,230.4
-49.9656,-1.8537,-1.5326,230.5
-49.9618,-1.9536,-1.5306,230.6
-49.9577,-2.0535,-1.5286,230.7
-49.9535,-2.1535,-1.5265,230.8
-49.9491,-2.2534,-1.5245,230.9
-49.9445,-2.3533,-1.5225,231.0
-49.9396,-2.4531,-1.5205,231.1
-49.9346,-2.553,-1.5184,231.2
-49.9294,-2.6529,-1.5164,231.3
-49.9239,-2.7527,-1.5143,231.4
-49.9183,-2.8526,-1.5123,231.5
-49.9124,-2.9524,-1.5103,231.6
-49.9064,-3.0522,-1.5082,231.7
-49.9001,-3.152,-1.5062,231.8
-49.8937,-3.2518,-1.5041,231.9
-49.887,-3.3516,-1.5021,232.0
-49.8802,-3.4514,-1.5,232.1
-49.8731,-3.5511,-1.498,232.2
-49.8658,-3.6508,-1.4959,232.3
-49.8583,-3.7506,-1.4938,232.4
-49.8506,-3.8503,-1.4917,232.5
-49.8427,-3.9499,-1.4897,232.6
-49.8346,-4.0496,-1.4876,232.7
-49.8263,-4.1493,-1.4855,232.8
-49.8178,-4.2489,-1.4834,232.9
-49.8091,-4.3485,-1.4813,233.0
-49.8001,-4.4481,-1.4792,233.1
-49.791,-4.5477,-1.4771,233.2
-49.7817,-4.6473,-1.475,233.3
-49.7721,-4.7468,-1.4729,233.4
-49.7623,-4.8463,-1.4708,233.5
-49.7523,-4.9458,-1.4687,233.6
-49.7421,-5.0453,-1.4665,233.7
-49.7317,-5.1448,-1.4644,233.8
-49.7211,-5.2442,-1.4623,233.9
-49.7103,-5.3436,-1.4601,234.0
-49.6992,-5.443,-1.458,234.1
-49.688,-5.5424,-1.4558,234.2
-49.6765,-5.6417,-1.4537,234.3
-49.6648,-5.741,-1.4515,234.4
-49.6529,-5.8403,-1.4493,234.5
-49.6408,-5.9396,-1.4471,234.6
-49.6285,-6.0388,-1.445,234.7
-49.6159,-6.138,-1.4428,234.8
-49.6031,-6.2372,-1.4406,234.9
-49.5902,-6.3364,-1.4384,235.0
-49.577,-6.4355,-1.4362,235.1
-49.5635,-6.5346,-1.434,235.2
-49.5499,-6.6336,-1.4317,235.3
-49.536,-6.7327,-1.4295,235.4
-49.5219,-6.8317,-1.4272,235.5
-49.5076,-6.9306,-1.425,235.6
-49.4931,-7.0296,-1.4227,235.7
-49.4784,-7.1285,-1.4205,235.8
-49.4634,-7.2274,-1.4182,235.9
-49.4482,-7.3262,-1.4159,236.0
-49.4327,-7.425,-1.4136,236.1
-49.4171,-7.5238,-1.4113,236.2
-49.4012,-7.6225,-1.409,236.3
-49.3851,-7.7212,-1.4067,236.4
-49.3688,-7.8199,-1.4044,236.5
-49.3522,-7.9185,-1.4021,236.6
-49.3354,-8.0171,-1.3997,236.7
-49.3184,-8.1156,-1.3974,236.8
-49.3011,-8.2141,-1.395,236.9
-49.2836,-8.3126,-1.3926,237.0
-49.2659,-8.411,-1.3903,237.1
-49.248,-8.5093,-1.3879,237.2
-49.2298,-8.6077,-1.3855,237.3
-49.2114,-8.706,-1.3831,237.4
-49.1927,-8.8042,-1.3807,237.5
-49.1738,-8.9024,-1.3782,237.6
-49.1546,-9.0006,-1.3758,237.7
-49.1353,-9.0987,-1.3733,237.8
-49.1157,-9.1967,-1.3708,237.9
-49.0958,-9.2947,-1.3684,238.0
-49.0757,-9.3927,-1.3659,238.1
-49.0553,-9.4906,-1.3634,238.2
-49.0347,-9.5884,-1.3609,238.3
-49.0139,-9.6863,-1.3584,238.4
-48.9928,-9.784,-1.3558,238.5
-48.9715,-9.8817,-1.3533,238.6
-48.9499,-9.9793,-1.3507,238.7
-48.9281,-10.0769,-1.3482,238.8
-48.906,-10.1745,-1.3456,238.9
-48.8837,-10.2719,-1.343,239.0
-48.8611,-10.3694,-1.3404,239.1
-48.8382,-10.4667,-1.3377,239.2
-48.8151,-10.564,-1.3351,239.3
-48.7918,-10.6612,-1.3324,239.4
-48.7682,-10.7584,-1.3298,239.5
-48.7443,-10.8555,-1.3271,239.6
-48.7202,-10.9526,-1.3244,239.7
-48.6958,-11.0495,-1.3217,239.8
-48.6711,-11.1465,-1.3189,239.9
-48.6462,-11.2433,-1.3162,240.0
-48.621,-11.3401,-1.3134,240.1
-48.5956,-11.4368,-1.3107,240.2
-48.5699,-11.5334,-1.3079,240.3
-48.5439,-11.63,-1.3051,240.4
-48.5176,-11.7265,-1.3023,240.5
-48.4911,-11.8229,-1.2994,240.6
-48.4643,-11.9192,-1.2966,240.7
-48.4372,-12.0155,-1.2937,240.8
-48.4098,-12.1117,-1.2908,240.9
-48.3822,-12.2078,-1.2879,241.0
-48.3543,-12.3038,-1.285,241.1
-48.3261,-12.3998,-1.282,241.2
-48.2976,-12.4956,-1.279,241.3
-48.2688,-12.5914,-1.2761,241.4
-48.2398,-12.6871,-1.273,241.5
-48.2104,-12.7827,-1.27,241.6
-48.1808,-12.8782,-1.267,241.7
-48.1509,-12.9736,-1.2639,241.8
-48.1207,-13.0689,-1.2608,241.9
-48.0902,-13.1642,-1.2578,242.0
-48.0594,-13.2593,-1.2546,242.1
-48.0283,-13.3544,-1.2515,242.2
-47.9969,-13.4493,-1.2483,242.3
-47.9652,-13.5441,-1.2451,242.4
-47.9332,-13.6389,-1.2419,242.5
-47.9009,-13.7335,-1.2386,242.6
-47.8683,-13.8281,-1.2354,242.7
-47.8354,-13.9225,-1.2321,242.8
-47.8022,-14.0168,-1.2288,242.9
-47.7686,-14.111,-1.2255,243.0
-47.7348,-14.2051,-1.2221,243.1
-47.7006,-14.2991,-1.2187,243.2
-47.6661,-14.393,-1.2154,243.3
-47.6313,-14.4867,-1.2119,243.4
-47.5962,-14.5803,-1.2084,243.5
-47.5608,-14.6738,-1.205,243.6
-47.525,-14.7672,-1.2014,243.7
-47.4889,-14.8605,-1.1979,243.8
-47.4525,-14.9536,-1.1944,243.9
-47.4157,-15.0466,-1.1908,244.0
-47.3786,-15.1395,-1.1871,244.1
-47.3412,-15.2322,-1.1835,244.2
-47.3034,-15.3248,-1.1798,244.3
-47.2653,-15.4172,-1.1761,244.4
-47.2268,-15.5096,-1.1724,244.5
-47.188,-15.6017,-1.1686,244.6
-47.1489,-15.6937,-1.1648,244.7
-47.1094,-15.7856,-1.161,244.8
-47.0696,-15.8773,-1.1571,244.9
-47.0294,-15.9689,-1.1532,245.0
-46.9888,-16.0603,-1.1493,245.1
-46.9479,-16.1516,-1.1454,245.2
-46.9066,-16.2426,-1.1413,245.3
-46.865,-16.3336,-1.1373,245.4
-46.823,-16.4243,-1.1333,245.5
-46.7806,-16.5149,-1.1292,245.6
-46.7379,-16.6053,-1.1251,245.7
-46.6948,-16.6955,-1.1209,245.8
-46.6513,-16.7856,-1.1167,245.9
-46.6074,-16.8754,-1.1124,246.0
-46.5632,-16.9651,-1.1082,246.1
-46.5185,-17.0546,-1.1039,246.2
-46.4735,-17.1439,-1.0995,246.3
-46.4281,-17.233,-1.0951,246.4
-46.3823,-17.3219,-1.0907,246.5
-46.3361,-17.4106,-1.0862,246.6
-46.2896,-17.4991,-1.0817,246.7
-46.2426,-17.5874,-1.0772,246.8
-46.1952,-17.6754,-1.0726,246.9
-46.1474,-17.7633,-1.0679,247.0
-46.0992,-17.8509,-1.0632,247.1
-46.0506,-17.9383,-1.0585,247.2
-46.0016,-18.0254,-1.0537,247.3
-45.9522,-18.1124,-1.0489,247.4
-45.9023,-18.1991,-1.0441,247.5
-45.852,-18.2855,-1.0392,247.6
-45.8013,-18.3717,-1.0342,247.7
-45.7502,-18.4576,-1.0292,247.8
-45.6987,-18.5433,-1.0242,247.9
-45.6467,-18.6288,-1.0191,248.0
-45.5943,-18.7139,-1.0139,248.1
-45.5414,-18.7988,-1.0087,248.2
-45.4881,-18.8834,-1.0035,248.3
-45.4344,-18.9678,-0.9982,248.4
-45.3802,-19.0518,-0.9929,248.5
-45.3256,-19.1356,-0.9875,248.6
-45.2705,-19.219,-0.982,248.7
-45.215,-19.3022,-0.9765,248.8
-45.159,-19.3851,-0.971,248.9
-45.1025,-19.4676,-0.9654,249.0
-45.0456,-19.5498,-0.9597,249.1
-44.9882,-19.6317,-0.954,249.2
-44.9304,-19.7133,-0.9482,249.3
-44.8721,-19.7945,-0.9424,249.4
-44.8133,-19.8754,-0.9365,249.5
-44.754,-19.956,-0.9306,249.6
-44.6943,-20.0362,-0.9245,249.7
-44.6341,-20.116,-0.9185,249.8
-44.5734,-20.1955,-0.9124,249.9
-44.5122,-20.2746,-0.9062,250.0
-44.4505,-20.3533,-0.8999,250.1
-44.3884,-20.4316,-0.8937,250.2
-44.3257,-20.5096,-0.8873,250.3
-44.2626,-20.5871,-0.8808,250.4
-44.1989,-20.6642,-0.8744,250.5
-44.1348,-20.741,-0.8678,250.6
-44.0701,-20.8172,-0.8612,250.7
-44.005,-20.8931,-0.8546,250.8
-43.9393,-20.9685,-0.8478,250.9
-43.8731,-21.0435,-0.841,251.0
-43.8065,-21.118,-0.8341,251.1
-43.7393,-21.1921,-0.8272,251.2
-43.6716,-21.2657,-0.8202,251.3
-43.6034,-21.3389,-0.8131,251.4
-43.5347,-21.4115,-0.8061,251.5
-43.4654,-21.4836,-0.7988,251.6
-43.3957,-21.5553,-0.7916,251.7
-43.3254,-21.6264,-0.7842,251.8
-43.2546,-21.6971,-0.7769,251.9
-43.1833,-21.7672,-0.7693,252.0
-43.1115,-21.8367,-0.7619,252.1
-43.0391,-21.9058,-0.7542,252.2
-42.9662,-21.9742,-0.7466,252.3
-42.8928,-22.0422,-0.7389,252.4
-42.8189,-22.1095,-0.7311,252.5
-42.7445,-22.1763,-0.7233,252.6
-42.6695,-22.2425,-0.7153,252.7
-42.594,-22.308,-0.7074,252.8
-42.518,-22.373,-0.6993,252.9
-42.4415,-22.4374,-0.6912,253.0
-42.3644,-22.5011,-0.6831,253.1
-42.2869,-22.5643,-0.6747,253.2
-42.2088,-22.6267,-0.6665,253.3
-42.1302,-22.6886,-0.6582,253.4
-42.0511,-22.7497,-0.6497,253.5
-41.9714,-22.8102,-0.6412,253.6
-41.8913,-22.87,-0.6327,253.7
-41.8107,-22.9292,-0.624,253.8
-41.7295,-22.9876,-0.6154,253.9
-41.6478,-23.0453,-0.6068,254.0
-41.5657,-23.1023,-0.5979,254.1
-41.483,-23.1586,-0.5891,254.2
-41.3999,-23.2142,-0.5803,254.3
-41.3163,-23.269,-0.5714,254.4
-41.2322,-23.3231,-0.5623,254.5
-41.1476,-23.3764,-0.5533,254.6
-41.0625,-23.429,-0.5443,254.7
-40.9769,-23.4808,-0.5352,254.8
-40.8909,-23.5318,-0.526,254.9
-40.8044,-23.582,-0.5168,255.0
-40.7175,-23.6314,-0.5076,255.1
-40.6301,-23.68,-0.4983,255.2
-40.5423,-23.7278,-0.489,255.3
-40.454,-23.7748,-0.4796,255.4
-40.3653,-23.8209,-0.4703,255.5
-40.2761,-23.8662,-0.4609,255.6
-40.1866,-23.9107,-0.4515,255.7
-40.0966,-23.9543,-0.442,255.8
-40.0062,-23.9971,-0.4325,255.9
-39.9154,-24.039,-0.423,256.0
-39.8242,-24.0801,-0.4135,256.1
-39.7327,-24.1203,-0.404,256.2
-39.6407,-24.1596,-0.3945,256.3
-39.5484,-24.198,-0.3849,256.4
-39.4557,-24.2355,-0.3753,256.5
-39.3627,-24.2722,-0.3657,256.6
-39.2693,-24.308,-0.3562,256.7
-39.1755,-24.3428,-0.3466,256.8
-39.0815,-24.3768,-0.337,256.9
-38.9871,-24.4099,-0.3274,257.0
-38.8924,-24.442,-0.3178,257.1
-38.7974,-24.4733,-0.3083,257.2
-38.7022,-24.5036,-0.2988,257.3
-38.6066,-24.533,-0.2892,257.4
-38.5107,-24.5616,-0.2796,257.5
-38.4146,-24.5892,-0.2702,257.6
-38.3182,-24.6158,-0.2607,257.7
-38.2216,-24.6416,-0.2513,257.8
-38.1248,-24.6665,-0.2418,257.9
-38.0277,-24.6904,-0.2324,258.0
-37.9304,-24.7135,-0.223,258.1
-37.8328,-24.7356,-0.2137,258.2
-37.7351,-24.7568,-0.2043,258.3
-37.6372,-24.7771,-0.1951,258.4
-37.5391,-24.7965,-0.1859,258.5
-37.4408,-24.8149,-0.1767,258.6
-37.3424,-24.8325,-0.1675,258.7
-37.2438,-24.8492,-0.1584,258.8
-37.145,-24.8649,-0.1494,258.9
-37.0461,-24.8798,-0.1403,259.0
-36.9471,-24.8938,-0.1313,259.1
-36.848,-24.9069,-0.1225,259.2
-36.7487,-24.9191,-0.1135,259.3
-36.6494,-24.9304,-0.1047,259.4
-36.5499,-24.9409,-0.096,259.5
-36.4504,-24.9505,-0.0873,259.6
-36.3508,-24.9592,-0.0787,259.7
-36.2511,-24.9671,-0.0701,259.8
-36.1513,-24.9741,-0.0615,259.9
-36.0515,-24.9802,-0.0532,260.0
-35.9517,-24.9855,-0.0447,260.1
-35.8518,-24.99,-0.0364,260.2
-35.7518,-24.9936,-0.0281,260.3
-35.6519,-24.9964,-0.0199,260.4
-35.5519,-24.9984,-0.0118,260.5
-35.4519,-24.9996,-0.0037,260.6
-35.3519,-25.0,0.0043,260.7
-35.2519,-24.9996,0.0122,260.8
-35.1519,-24.9984,0.0201,260.9
-35.0519,-24.9963,0.0278,261.0
-34.952,-24.9936,0.0356,261.1
-34.852,-24.99,0.0432,261.2
-34.7521,-24.9857,0.0508,261.3
-34.6522,-24.9806,0.0583,261.4
-34.5524,-24.9748,0.0658,261.5
-34.4526,-24.9682,0.0731,261.6
-34.3529,-24.9609,0.0804,261.7
-34.2532,-24.9529,0.0877,261.8
-34.1536,-24.9441,0.0948,261.9
-34.0541,-24.9346,0.1019,262.0
-33.9546,-24.9245,0.109,262.1
-33.8552,-24.9136,0.1159,262.2
-33.7558,-24.902,0.1227,262.3
-33.6566,-24.8898,0.1295,262.4
-33.5574,-24.8769,0.1363,262.5
-33.4584,-24.8633,0.1429,262.6
-33.3594,-24.8491,0.1495,262.7
-33.2605,-24.8342,0.156,262.8
-33.1617,-24.8186,0.1625,262.9
-33.063,-24.8024,0.1689,263.0
-32.9644,-24.7856,0.1752,263.1
-32.866,-24.7682,0.1815,263.2
-32.7676,-24.7501,0.1877,263.3
-32.6694,-24.7315,0.1938,263.4
-32.5712,-24.7122,0.1998,263.5
-32.4732,-24.6924,0.2058,263.6
-32.3753,-24.6719,0.2118,263.7
-32.2776,-24.6509,0.2176,263.8
-32.1799,-24.6293,0.2234,263.9
-32.0824,-24.6072,0.2291,264.0
-31.985,-24.5845,0.2348,264.1
-31.8878,-24.5612,0.2404,264.2
-31.7907,-24.5374,0.2459,264.3
-31.6937,-24.513,0.2514,264.4
-31.5968,-24.4882,0.2568,264.5
-31.5001,-24.4628,0.2622,264.6
-31.4035,-24.4368,0.2675,264.7
-31.3071,-24.4104,0.2727,264.8
-31.2108,-24.3835,0.2779,264.9
-31.1146,-24.356,0.283,265.0
-31.0186,-24.3281,0.2881,265.1
-30.9227,-24.2997,0.2931,265.2
-30.827,-24.2708,0.2981,265.3
-30.7314,-24.2414,0.303,265.4
-30.6359,-24.2116,0.3078,265.5
-30.5406,-24.1813,0.3126,265.6
-30.4455,-24.1506,0.3173,265.7
-30.3505,-24.1194,0.322,265.8
-30.2556,-24.0877,0.3267,265.9
-30.1609,-24.0556,0.3312,266.0
-30.0663,-24.0231,0.3357,266.1
-29.9719,-23.9901,0.3403,266.2
-29.8777,-23.9568,0.3447,266.3
-29.7835,-23.923,0.349,266.4
-29.6896,-23.8888,0.3534,266.5
-29.5957,-23.8542,0.3577,266.6
-29.5021,-23.8192,0.3619,266.7
-29.4085,-23.7838,0.3661,266.8
-29.3152,-23.748,0.3703,266.9
-29.222,-23.7118,0.3743,267.0
-29.1289,-23.6752,0.3784,267.1
-29.0359,-23.6383,0.3824,267.2
-28.9432,-23.601,0.3863,267.3
-28.8505,-23.5633,0.3903,267.4
-28.7581,-23.5252,0.3942,267.5
-28.6657,-23.4868,0.398,267.6
-28.5735,-23.4481,0.4018,267.7
-28.4815,-23.409,0.4055,267.8
-28.3896,-23.3695,0.4093,267.9
-28.2979,-23.3297,0.4129,268.0
-28.2063,-23.2896,0.4166,268.1
-28.1148,-23.2492,0.4201,268.2
-28.0235,-23.2084,0.4237,268.3
-27.9324,-23.1673,0.4272,268.4
-27.8414,-23.1258,0.4307,268.5
-27.7505,-23.0841,0.4341,268.6
-27.6598,-23.042,0.4375,268.7
-27.5692,-22.9996,0.4409,268.8
-27.4787,-22.957,0.4443,268.9
-27.3885,-22.914,0.4475,269.0
-27.2983,-22.8707,0.4508,269.1
-27.2083,-22.8271,0.454,269.2
-27.1184,-22.7833,0.4572,269.3
-27.0287,-22.7391,0.4604,269.4
-26.9391,-22.6947,0.4635,269.5
-26.8497,-22.65,0.4666,269.6
-26.7603,-22.605,0.4697,269.7
-26.6712,-22.5598,0.4727,269.8
-26.5821,-22.5142,0.4757,269.9
-26.4932,-22.4684,0.4787,270.0
-26.4045,-22.4224,0.4816,270.1
-26.3159,-22.3761,0.4845,270.2
-26.2274,-22.3295,0.4874,270.3
-26.139,-22.2827,0.4902,270.4
-26.0508,-22.2356,0.4931,270.5
-25.9627,-22.1882,0.4959,270.6
-25.8747,-22.1407,0.4986,270.7
-25.7869,-22.0928,0.5013,270.8
-25.6992,-22.0448,0.5041,270.9
-25.6117,-21.9965,0.5068,271.0
-25.5242,-21.9479,0.5094,271.1
-25.4369,-21.8992,0.512,271.2
-25.3497,-21.8502,0.5146,271.3
-25.2627,-21.801,0.5172,271.4
-25.1758,-21.7515,0.5198,271.5
-25.089,-21.7019,0.5223,271.6
-25.0023,-21.652,0.5248,271.7
-24.9158,-21.6019,0.5272,271.8
-24.8294,-21.5516,0.5297,271.9
-24.7431,-21.501,0.5321,272.0
-24.6569,-21.4503,0.5345,272.1
-24.5708,-21.3993,0.5369,272.2
-24.4849,-21.3482,0.5393,272.3
-24.3991,-21.2968,0.5416,272.4
-24.3134,-21.2453,0.5439,272.5
-24.2278,-21.1935,0.5462,272.6
-24.1424,-21.1416,0.5485,272.7
-24.0571,-21.0895,0.5507,272.8
-23.9718,-21.0371,0.553,272.9
-23.8867,-20.9846,0.5552,273.0
-23.8018,-20.9319,0.5573,273.1
-23.7169,-20.879,0.5595,273.2
-23.6321,-20.8259,0.5616,273.3
-23.5475,-20.7727,0.5638,273.4
-23.463,-20.7192,0.5659,273.5
-23.3786,-20.6656,0.568,273.6
-23.2943,-20.6118,0.57,273.7
-23.2101,-20.5579,0.5721,273.8
-23.126,-20.5037,0.5741,273.9
-23.042,-20.4494,0.5761,274.0
-22.9582,-20.3949,0.5781,274.1
-22.8744,-20.3403,0.5801,274.2
-22.7908,-20.2855,0.582,274.3
-22.7072,-20.2305,0.5839,274.4
-22.6238,-20.1754,0.5859,274.5
-22.5405,-20.1201,0.5878,274.6
-22.4573,-20.0646,0.5896,274.7
-22.3742,-20.009,0.5915,274.8
-22.2912,-19.9533,0.5933,274.9
-22.2082,-19.8974,0.5952,275.0
-22.1254,-19.8413,0.597,275.1
-22.0427,-19.7851,0.5988,275.2
-21.9601,-19.7287,0.6006,275.3
-21.8776,-19.6722,0.6023,275.4
-21.7952,-19.6156,0.6041,275.5
-21.7129,-19.5588,0.6058,275.6
-21.6307,-19.5018,0.6075,275.7
-21.5486,-19.4447,0.6093,275.8
-21.4666,-19.3875,0.6109,275.9
-21.3847,-19.3301,0.6126,276.0
-21.3029,-19.2726,0.6143,276.1
-21.2212,-19.215,0.6159,276.2
-21.1395,-19.1572,0.6175,276.3
-21.058,-19.0993,0.6191,276.4
-20.9766,-19.0413,0.6208,276.5
-20.8952,-18.9831,0.6224,276.6
-20.814,-18.9248,0.6239,276.7
-20.7328,-18.8664,0.6255,276.8
-20.6518,-18.8079,0.627,276.9
-20.5708,-18.7492,0.6285,277.0
-20.4899,-18.6904,0.6301,277.1
-20.4091,-18.6315,0.6316,277.2
-20.3284,-18.5724,0.6331,277.3
-20.2478,-18.5133,0.6346,277.4
-20.1672,-18.454,0.636,277.5
-20.0868,-18.3946,0.6375,277.6
-20.0064,-18.3351,0.6389,277.7
-19.9261,-18.2754,0.6404,277.8
-19.846,-18.2157,0.6418,277.9
-19.7659,-18.1558,0.6432,278.0
-19.6858,-18.0958,0.6446,278.1
-19.6059,-18.0358,0.646,278.2
-19.526,-17.9756,0.6473,278.3
-19.4463,-17.9153,0.6487,278.4
-19.3666,-17.8548,0.6501,278.5
-19.287,-17.7943,0.6514,278.6
-19.2075,-17.7337,0.6527,278.7
-19.128,-17.673,0.654,278.8
-19.0487,-17.6121,0.6553,278.9
-18.9694,-17.5512,0.6566,279.0
-18.8902,-17.4901,0.6579,279.1
-18.811,-17.429,0.6592,279.2
-18.732,-17.3677,0.6604,279.3
-18.653,-17.3064,0.6617,279.4
-18.5741,-17.2449,0.6629,279.5
-18.4953,-17.1834,0.6642,279.6
-18.4166,-17.1218,0.6654,279.7
-18.3379,-17.06,0.6666,279.8
-18.2593,-16.9982,0.6678,279.9
-18.1808,-16.9363,0.669,280.0
-18.1023,-16.8743,0.6701,280.1
-18.0239,-16.8121,0.6713,280.2
-17.9456,-16.7499,0.6725,280.3
-17.8674,-16.6877,0.6736,280.4
-17.7893,-16.6253,0.6748,280.5
-17.7112,-16.5628,0.6759,280.6
-17.6332,-16.5002,0.677,280.7
-17.5552,-16.4376,0.6782,280.8
-17.4773,-16.3749,0.6793,280.9
-17.3995,-16.312,0.6803,281.0
-17.3218,-16.2491,0.6814,281.1
-17.2441,-16.1861,0.6825,281.2
-17.1665,-16.1231,0.6836,281.3
-17.089,-16.0599,0.6847,281.4
-17.0115,-15.9967,0.6857,281.5
-16.9341,-15.9333,0.6867,281.6
-16.8568,-15.8699,0.6878,281.7
-16.7795,-15.8065,0.6888,281.8
-16.7023,-15.7429,0.6898,281.9
-16.6252,-15.6793,0.6908,282.0
-16.5481,-15.6155,0.6918,282.1
-16.4711,-15.5518,0.6928,282.2
-16.3942,-15.4879,0.6938,282.3
-16.3173,-15.4239,0.6948,282.4
-16.2405,-15.3599,0.6957,282.5
-16.1637,-15.2958,0.6967,282.6
-16.087,-15.2316,0.6977,282.7
-16.0104,-15.1674,0.6986,282.8
-15.9338,-15.1031,0.6996,282.9
-15.8573,-15.0387,0.7005,283.0
-15.7809,-14.9742,0.7014,283.1
-15.7045,-14.9097,0.7023,283.2
-15.6281,-14.8451,0.7032,283.3
-15.5519,-14.7804,0.7041,283.4
-15.4756,-14.7157,0.705,283.5
-15.3995,-14.6509,0.7059,283.6
-15.3234,-14.586,0.7068,283.7
-15.2473,-14.5211,0.7077,283.8
-15.1713,-14.4561,0.7085,283.9
-15.0954,-14.391,0.7094,284.0
-15.0195,-14.3259,0.7102,284.1
-14.9437,-14.2607,0.7111,284.2
-14.8679,-14.1954,0.7119,284.3
-14.7922,-14.1301,0.7128,284.4
-14.7166,-14.0647,0.7136,284.5
-14.641,-13.9992,0.7144,284.6
-14.5654,-13.9337,0.7152,284.7
-14.4899,-13.8681,0.716,284.8
-14.4145,-13.8025,0.7168,284.9
-14.3391,-13.7368,0.7176,285.0
-14.2638,-13.671,0.7184,285.1
-14.1885,-13.6052,0.7192,285.2
-14.1132,-13.5393,0.7199,285.3
-14.0381,-13.4734,0.7207,285.4
-13.9629,-13.4074,0.7215,285.5
-13.8878,-13.3414,0.7222,285.6
-13.8128,-13.2753,0.723,285.7
-13.7378,-13.2091,0.7237,285.8
-13.6629,-13.1429,0.7244,285.9
-13.588,-13.0766,0.7252,286.0
-13.5132,-13.0103,0.7259,286.1
-13.4384,-12.9439,0.7266,286.2
-13.3636,-12.8775,0.7273,286.3
-13.2889,-12.811,0.728,286.4
-13.2143,-12.7444,0.7287,286.5
-13.1397,-12.6779,0.7294,286.6
-13.0651,-12.6112,0.7301,286.7
-12.9906,-12.5445,0.7308,286.8
-12.9162,-12.4778,0.7315,286.9
-12.8417,-12.411,0.7321,287.0
-12.7674,-12.3441,0.7328,287.1
-12.693,-12.2772,0.7335,287.2
-12.6188,-12.2103,0.7342,287.3
-12.5445,-12.1433,0.7348,287.4
-12.4703,-12.0762,0.7354,287.5
-12.3962,-12.0091,0.7361,287.6
-12.322,-11.942,0.7367,287.7
-12.248,-11.8748,0.7373,287.8
-12.174,-11.8076,0.7379,287.9
-12.1,-11.7403,0.7386,288.0
-12.026,-11.673,0.7392,288.1
-11.9521,-11.6056,0.7398,288.2
-11.8783,-11.5382,0.7404,288.3
-11.8044,-11.4707,0.741,288.4
-11.7307,-11.4032,0.7416,288.5
-11.6569,-11.3357,0.7422,288.6
-11.5832,-11.2681,0.7428,288.7
-11.5096,-11.2005,0.7433,288.8
-11.4359,-11.1328,0.7439,288.9
-11.3624,-11.0651,0.7445,289.0
-11.2888,-10.9973,0.745,289.1
-11.2153,-10.9295,0.7456,289.2
-11.1418,-10.8617,0.7461,289.3
-11.0684,-10.7938,0.7467,289.4
-10.995,-10.7259,0.7472,289.5
-10.9217,-10.6579,0.7478,289.6
-10.8483,-10.5899,0.7483,289.7
-10.7751,-10.5219,0.7488,289.8
-10.7018,-10.4538,0.7494,289.9
-10.6286,-10.3857,0.7499,290.0
-10.5554,-10.3175,0.7504,290.1
-10.4823,-10.2493,0.7509,290.2
-10.4092,-10.1811,0.7514,290.3
-10.3361,-10.1128,0.7519,290.4
-10.2631,-10.0445,0.7524,290.5
-10.1901,-9.9762,0.7529,290.6
-10.1171,-9.9078,0.7534,290.7
-10.0442,-9.8394,0.7539,290.8
-9.9712,-9.771,0.7544,290.9
-9.8984,-9.7025,0.7548,291.0
-9.8255,-9.634,0.7553,291.1
-9.7527,-9.5654,0.7558,291.2
-9.68,-9.4968,0.7562,291.3
-9.6072,-9.4282,0.7567,291.4
-9.5345,-9.3595,0.7571,291.5
-9.4618,-9.2909,0.7576,291.6
-9.3892,-9.2221,0.758,291.7
-9.3166,-9.1534,0.7585,291.8
-9.244,-9.0846,0.7589,291.9
-9.1714,-9.0158,0.7593,292.0
-9.0989,-8.947,0.7598,292.1
-9.0264,-8.8781,0.7602,292.2
-8.9539,-8.8092,0.7606,292.3
-8.8815,-8.7402,0.761,292.4
-8.8091,-8.6713,0.7615,292.5
-8.7367,-8.6023,0.7619,292.6
-8.6643,-8.5332,0.7623,292.7
-8.592,-8.4642,0.7627,292.8
-8.5197,-8.3951,0.7631,292.9
-8.4474,-8.326,0.7634,293.0
-8.3752,-8.2568,0.7638,293.1
-8.303,-8.1877,0.7642,293.2
-8.2308,-8.1185,0.7646,293.3
-8.1586,-8.0493,0.765,293.4
-8.0865,-7.98,0.7653,293.5
-8.0143,-7.9107,0.7657,293.6
-7.9423,-7.8414,0.7661,293.7
-7.8702,-7.7721,0.7664,293.8
-7.7982,-7.7027,0.7668,293.9
-7.7261,-7.6333,0.7672,294.0
-7.6542,-7.5639,0.7675,294.1
-7.5822,-7.4945,0.7678,294.2
-7.5103,-7.425,0.7682,294.3
-7.4383,-7.3556,0.7685,294.4
-7.3664,-7.2861,0.7689,294.5
-7.2946,-7.2165,0.7692,294.6
-7.2227,-7.147,0.7695,294.7
-7.1509,-7.0774,0.7698,294.8
-7.0791,-7.0078,0.7702,294.9
-7.0073,-6.9382,0.7705,295.0
-6.9356,-6.8685,0.7708,295.1
-6.8638,-6.7988,0.7711,295.2
-6.7921,-6.7291,0.7714,295.3
-6.7204,-6.6594,0.7717,295.4
-6.6487,-6.5897,0.772,295.5
-6.5771,-6.5199,0.7723,295.6
-6.5055,-6.4502,0.7726,295.7
-6.4339,-6.3804,0.7729,295.8
-6.3623,-6.3105,0.7732,295.9
-6.2907,-6.2407,0.7734,296.0
-6.2191,-6.1708,0.7737,296.1
-6.1476,-6.101,0.774,296.2
-6.0761,-6.0311,0.7743,296.3
-6.0046,-5.9611,0.7745,296.4
-5.9331,-5.8912,0.7748,296.5
-5.8617,-5.8212,0.7751,296.6
-5.7902,-5.7513,0.7753,296.7
-5.7188,-5.6813,0.7756,296.8
-5.6474,-5.6113,0.7758,296.9
-5.576,-5.5412,0.7761,297.0
-5.5047,-5.4712,0.7763,297.1
-5.4333,-5.4011,0.7765,297.2
-5.362,-5.331,0.7768,297.3
-5.2907,-5.2609,0.777,297.4
-5.2193,-5.1908,0.7772,297.5
-5.1481,-5.1207,0.7775,297.6
-5.0768,-5.0506,0.7777,297.7
-5.0055,-4.9804,0.7779,297.8
-4.9343,-4.9102,0.7781,297.9
-4.8631,-4.84,0.7783,298.0
-4.7919,-4.7698,0.7785,298.1
-4.7207,-4.6996,0.7787,298.2
-4.6495,-4.6293,0.7789,298.3
-4.5783,-4.5591,0.7791,298.4
-4.5072,-4.4888,0.7793,298.5
-4.436,-4.4185,0.7795,298.6
-4.3649,-4.3483,0.7797,298.7
-4.2938,-4.2779,0.7799,298.8
-4.2227,-4.2076,0.7801,298.9
-4.1516,-4.1373,0.7803,299.0
-4.0806,-4.0669,0.7805,299.1
-4.0095,-3.9966,0.7806,299.2
-3.9384,-3.9262,0.7808,299.3
-3.8674,-3.8558,0.781,299.4
-3.7964,-3.7854,0.7811,299.5
-3.7254,-3.715,0.7813,299.6
-3.6544,-3.6446,0.7814,299.7
-3.5834,-3.5742,0.7816,299.8
-3.5124,-3.5037,0.7818,299.9
-3.4414,-3.4333,0.7819,300.0
-3.3705,-3.3628,0.782,300.1
-3.2995,-3.2923,0.7822,300.2
-3.2286,-3.2219,0.7823,300.3
-3.1577,-3.1514,0.7825,300.4
-3.0867,-3.0809,0.7826,300.5
-3.0158,-3.0103,0.7827,300.6
-2.9449,-2.9398,0.7828,300.7
-2.874,-2.8693,0.783,300.8
-2.8032,-2.7988,0.7831,300.9
-2.7323,-2.7282,0.7832,301.0
-2.6614,-2.6577,0.7833,301.1
-2.5906,-2.5871,0.7834,301.2
-2.5197,-2.5165,0.7835,301.3
-2.4489,-2.4459,0.7836,301.4
-2.378,-2.3754,0.7837,301.5
-2.3072,-2.3048,0.7838,301.6
-2.2364,-2.2342,0.7839,301.7
-2.1656,-2.1636,0.784,301.8
-2.0948,-2.0929,0.7841,301.9
-2.024,-2.0223,0.7842,302.0
-1.9532,-1.9517,0.7843,302.1
-1.8824,-1.8811,0.7844,302.2
-1.8116,-1.8104,0.7845,302.3
-1.7408,-1.7398,0.7845,302.4
-1.6701,-1.6691,0.7846,302.5
-1.5993,-1.5985,0.7847,302.6
-1.5285,-1.5278,0.7847,302.7
-1.4578,-1.4572,0.7848,302.8
-1.387,-1.3865,0.7848,302.9
-1.3163,-1.3158,0.7849,303.0
-1.2455,-1.2451,0.785,303.1
-1.1748,-1.1745,0.785,303.2
-1.104,-1.1038,0.7851,303.3
-1.0333,-1.0331,0.7851,303.4
-0.9626,-0.9624,0.7851,303.5
-0.8918,-0.8917,0.7852,303.6
-0.8211,-0.821,0.7852,303.7
-0.7504,-0.7503,0.7852,303.8
-0.6797,-0.6796,0.7853,303.9
-0.609,-0.6089,0.7853,304.0
-0.5382,-0.5382,0.7853,304.1
-0.4675,-0.4675,0.7853,304.2
-0.3968,-0.3968,0.7854,304.3
-0.3261,-0.3261,0.7854,304.4
-0.2554,-0.2554,0.7854,304.5
-0.1847,-0.1847,0.7854,304.6
-0.114,-0.114,0.7854,304.7
-0.0432,-0.0432,0.7854,304.8
