x,y
100,-2
100.6249542,-2
101.2499008,-2
101.8748093,-2
102.499649,-2
103.1244202,-2
103.749115,-2
104.3737564,-2
104.9983673,-2
105.6229706,-2
106.2475967,-2
106.8722763,-2
107.4970169,-2
108.1218185,-2
108.7466812,-2
109.3715668,-2
109.99646,-2
110.6213303,-2
111.2461624,-2
111.8709335,-2
112.4956589,-2
113.1203308,-2
113.7449722,-2
114.369606,-2
114.9942398,-2
115.6188965,-2
116.2435989,-2
116.8683472,-2
117.4931488,-2
118.1180038,-2
118.7428894,-2
119.3678055,-2
119.9927292,-2
120.6176376,-2
121.2425232,-2
121.867363,-2
122.492157,-2
123.1169128,-2
123.7416382,-2
124.3663559,-2
124.9910889,-2
125.6158447,-2
126.240654,-2
126.8655243,-2
127.490448,-2
128.1154175,-2
128.7404327,-2
129.365448,-2
129.9904785,-2
130.6154938,-2
131.2404785,-2
131.8654327,-2
132.4903412,-2
133.1152344,-2
133.7401123,-2
134.3649902,-2
134.9898834,-2
135.6147919,-2
136.2397614,-2
136.8647614,-2
137.4898376,-2
138.1149445,-2
138.7401123,-2
139.3652954,-2
139.990509,-2
140.6157074,-2
141.2408905,-2
141.8660431,-2
142.4911804,-2
143.1163025,-2
143.741394,-2
144.3665009,-2
144.9916229,-2
145.6167908,-2
146.2419891,-2
146.8672485,-2
147.492569,-2
148.1179352,-2
148.7433319,-2
149.3687744,-2
149.9942474,-2
150.6197205,-2
151.2452087,-2
151.8707581,-2
152.4963379,-2
153.1219788,-2
153.7476654,-2
154.3734283,-2
154.9992065,-2
155.6249695,-2
156.2507324,-2
156.8764496,-2
157.5021362,-2
158.1278076,-2
158.7534637,-2
159.3791351,-2
160.0048065,-2
160.6305084,-2
161.2562408,-2
161.8820038,-2
162.5078125,-2
163.133667,-2
163.7595825,-2
164.3855438,-2
165.0115356,-2
165.637558,-2
166.2635803,-2
166.8896027,-2
167.5156097,-2
168.1416016,-2
168.7675934,-2
169.3936005,-2
170.0196381,-2
170.6457367,-2
171.2718811,-2
171.8981018,-2
172.524353,-2
173.1506348,-2
173.776947,-2
174.4032593,-2
175.0295715,-2
175.655899,-2
176.2822266,-2
176.9085846,-2
177.5349731,-2
178.1614227,-2
178.7879028,-2
179.414444,-2
180.0410156,-2
180.6676483,-2
181.2943115,-2
181.9210052,-2
182.5477448,-2
183.1745148,-2
183.8013,-2
184.4280853,-2
185.0549011,-2
185.6817169,-2
186.308548,-2
186.935379,-2
187.5622559,-2
188.1891632,-2
188.8161316,-2
189.443161,-2
190.070282,-2
190.697464,-2
191.324707,-2
191.9519958,-2
192.5793304,-2
193.2066956,-2
193.8340607,-2
194.4614258,-2
195.0888062,-2
195.7161865,-2
196.3435822,-2
196.970993,-2
197.5984344,-2
198.2259369,-2
198.8534851,-2
199.4811096,-2
200.1088104,-1.999992609
200.7366791,-1.999661684
201.364624,-1.998839021
201.9926453,-1.9975245
202.6207275,-1.995718002
203.2488708,-1.993419409
203.8770447,-1.990628719
204.505249,-1.987345695
205.1334686,-1.983570576
205.7616882,-1.97930336
206.3899231,-1.97454381
207.018158,-1.969292045
207.6464386,-1.963547826
208.2747498,-1.957310915
208.9031067,-1.950581074
209.5315399,-1.943358183
210.1600342,-1.935641766
210.7886047,-1.927431822
211.4172516,-1.918728113
212.0459595,-1.909530401
212.6747131,-1.899838805
213.3035278,-1.889653325
213.9323883,-1.878973842
214.561264,-1.867800593
215.190155,-1.856133699
215.8190613,-1.84397316
216.4479828,-1.831318855
217.0769043,-1.818170905
217.7058411,-1.80452919
218.3348083,-1.790393353
218.9637909,-1.775763273
219.5928192,-1.760638475
220.2218933,-1.745018721
220.8510284,-1.728903651
221.4802094,-1.71229279
222.1094666,-1.695186138
222.7387695,-1.677583575
223.3681335,-1.659485102
223.9975433,-1.640890718
224.6269836,-1.62180078
225.2564545,-1.602215171
225.8859406,-1.582134247
226.5154419,-1.561558008
227.1449585,-1.540486455
227.7744751,-1.518919587
228.404007,-1.496857166
229.0335693,-1.474299192
229.6631317,-1.45124507
230.2927399,-1.427694917
230.9223633,-1.403648019
231.5520325,-1.379104376
232.1817474,-1.354063511
232.8114929,-1.328525305
233.4412994,-1.302489519
234.0711365,-1.275956035
234.7010193,-1.248924732
235.3309326,-1.221395612
235.9608917,-1.193368912
236.5908661,-1.164844513
237.2208862,-1.135822535
237.8509064,-1.106303096
238.480957,-1.076286197
239.1110077,-1.045771956
239.7410889,-1.014760256
240.37117,-0.983250856
241.0012817,-0.951243699
241.6314087,-0.918738544
242.2615509,-0.885735154
242.8917389,-0.852233171
243.5219269,-0.818232417
244.1521606,-0.783732533
244.7824249,-0.748733342
245.4127197,-0.713234723
246.0430603,-0.677236378
246.6734161,-0.640738368
247.3038177,-0.603740573
247.9342346,-0.566242993
248.564682,-0.528245687
249.1951447,-0.489748627
249.8256378,-0.45075196
250.456131,-0.411255598
251.0866547,-0.371260315
251.7171326,-0.330767959
252.34758,-0.289779484
252.9779816,-0.248295337
253.6083221,-0.206315368
254.2386475,-0.163838834
254.8689728,-0.120863594
255.4993286,-0.0773862
256.1297913,-0.033403862
256.7603455,0.011085295
257.3910217,0.056082074
258.0217896,0.101586252
258.6526489,0.147596896
259.2835693,0.194112673
259.9145508,0.241132036
260.5455322,0.288653582
261.1765442,0.336675972
261.8075256,0.385198146
262.4384766,0.43421939
263.069397,0.483739197
263.7002869,0.533757627
264.3311768,0.584275663
264.9620361,0.635294557
265.5929565,0.686816216
266.223877,0.738842726
266.8548889,0.791376173
267.4859619,0.844417989
268.1171265,0.897968948
268.7483826,0.952028632
269.3796692,1.006595612
270.0110168,1.061668158
270.6423645,1.117244244
271.2736816,1.173322082
271.9049988,1.229900956
272.5362854,1.286980748
273.167572,1.344562173
273.7988281,1.402646542
274.4301147,1.461235404
275.0614319,1.520330191
275.6927795,1.579931974
276.3241577,1.640040994
276.9555664,1.700657606
277.5870361,1.761781573
278.2185059,1.823412418
278.8500061,1.885550022
279.4815369,1.948193908
280.1130676,2.011343956
280.7446289,2.074999809
281.3761902,2.139161348
282.0077209,2.203828096
282.6392822,2.269000292
283.2708435,2.334678173
283.9024048,2.40086174
284.5339966,2.467552423
285.1655884,2.534750938
285.7972107,2.602458239
286.4288635,2.670675278
287.0605469,2.739402771
287.6922913,2.808640003
288.3240356,2.878386497
288.95578,2.948641062
289.5875549,3.019402742
290.2192993,3.090670347
290.8510132,3.162443161
291.4827271,3.234721661
292.1144409,3.307506323
292.7461548,3.380797863
293.3778381,3.454598188
294.0095825,3.528908253
294.6413269,3.603729248
295.2731018,3.679062128
295.9049072,3.754907131
296.5367432,3.831264257
297.1686096,3.908133507
297.8005066,3.985513926
298.4324036,4.06340456
299.0643005,4.141805172
299.696167,4.220714569
300.328064,4.300131321
300.9598999,4.380054951
301.5917358,4.460485935
302.2235413,4.541423798
302.8553467,4.622869492
303.4871216,4.704824448
304.1188965,4.787290096
304.7507019,4.870267868
305.3825073,4.95375967
306.0143738,5.037766457
306.6462708,5.122288704
307.2781677,5.207326412
307.9100952,5.292878151
308.5420532,5.378943443
309.1739807,5.465519905
309.8059082,5.552606583
310.4378052,5.640201569
311.0696716,5.728304863
311.7015076,5.816916466
312.333313,5.9060359
312.9651184,5.995664597
313.5968628,6.085803986
314.2286377,6.176455021
314.8603821,6.26761961
315.492157,6.359299183
316.1239319,6.451494694
316.7557373,6.544206619
317.3875732,6.637435913
318.0194092,6.731182098
318.6512756,6.825443268
319.2831116,6.920219421
319.9149475,7.015508175
320.5467529,7.111308575
321.1785583,7.207618713
321.8103027,7.304438114
322.4419861,7.401766777
323.0736694,7.499605656
323.7052917,7.597955227
324.3369141,7.696816921
324.9685059,7.796193123
325.6000977,7.896085262
326.23172,7.996494293
326.8633423,8.097421646
327.4949646,8.198866844
328.1265869,8.300829887
328.7582397,8.403309822
329.3898621,8.506306648
330.0214539,8.609818459
330.6530457,8.713843346
331.2846069,8.81838131
331.9161072,8.923430443
332.5475769,9.028991699
333.1790161,9.135063171
333.8104248,9.24164772
334.4417725,9.348744392
335.0731201,9.456355095
335.7044373,9.564482689
336.3357239,9.673126221
336.967041,9.782288551
337.5983276,9.891970634
338.2296143,10.00217056
338.8609009,10.11289024
339.4921875,10.22412682
340.1234436,10.33588123
340.7546692,10.44815063
341.3858643,10.56093407
342.0169983,10.67423153
342.6481018,10.78804207
343.2791748,10.90236473
343.9101868,11.01720142
344.5411682,11.13255215
345.1721191,11.2484169
345.803009,11.36479855
346.4338989,11.48169804
347.0647583,11.59911442
347.6956177,11.71705055
348.3264465,11.83550644
348.9572449,11.95448017
349.5880127,12.07397366
350.2187805,12.19398499
350.8495178,12.31451321
351.4801941,12.43555832
352.1108398,12.55711842
352.7414246,12.67919254
353.3719788,12.80178165
354.0024719,12.9248848
354.6329346,13.04850292
355.2633362,13.17263699
355.8936768,13.29728794
356.5240173,13.42245579
357.1542969,13.54814148
357.7845459,13.67434692
358.4147949,13.80107117
359.0449829,13.92831516
359.6751404,14.0560751
360.3051758,14.18433857
360.9350586,14.31309891
361.5647888,14.44235229
362.1943665,14.57209682
362.823761,14.70233631
363.453064,14.83307743
364.0823364,14.96434021
364.7116394,15.09613895
365.3410339,15.22848034
365.9705505,15.36137009
366.6001282,15.49480629
367.2297668,15.62878418
367.859436,15.76329708
368.4891052,15.89833736
369.1187439,16.03389931
369.7483215,16.16997719
370.3778076,16.30656624
371.0072021,16.44366074
371.6364441,16.58125687
372.2655945,16.71935844
372.8946228,16.85796356
373.5235596,16.99708176
374.1524658,17.13671684
374.7813416,17.27687836
375.4102173,17.41757202
376.0391235,17.55880356
376.6680908,17.70057487
377.2970581,17.84288216
377.9259949,17.98571587
378.5549011,18.12907219
379.1837158,18.27294159
379.812439,18.41731834
380.44104,18.56220245
381.069519,18.70759201
381.6979065,18.85349274
382.3262634,18.99991226
382.9545288,19.14685249
383.5827942,19.29432106
384.2110291,19.44231606
384.8392334,19.59083748
385.4673767,19.73988533
386.0954895,19.88945389
386.7235413,20.03954315
387.351532,20.1901474
387.9794312,20.34126854
388.6072388,20.49290466
389.2349548,20.64505386
389.8626099,20.79771805
390.4901428,20.95089722
391.1176147,21.10459137
391.7449951,21.25880051
392.3723145,21.41353035
392.9995728,21.56877899
393.62677,21.72455406
394.2539368,21.88085556
394.8811035,22.0376873
395.5081787,22.19504547
396.1352539,22.35293007
396.7622375,22.51133728
397.3891602,22.67025948
398.0159607,22.82969475
398.6426392,22.98963737
399.2691956,23.15008545
399.8956299,23.31104088
400.5219421,23.47250175
401.1481323,23.63447571
401.7742615,23.79696465
402.4002991,23.95997429
403.0262756,24.12350845
403.6522217,24.28757095
404.2781067,24.45215988
404.9039612,24.61727715
405.5297546,24.78292084
406.1554871,24.94908905
406.7811279,25.11577415
407.4066772,25.28297615
408.0322876,25.45046806
408.65802,25.61760139
409.283905,25.78433228
409.9099121,25.95066071
410.5360413,26.11658478
411.162262,26.28210831
411.7886658,26.44723511
412.4152222,26.61196899
413.0419617,26.7763195
413.6689148,26.94028854
414.2960815,27.10388184
414.9234619,27.26709938
415.5510864,27.42993927
416.1789246,27.59239769
416.8069458,27.75446892
417.4351501,27.91614914
418.0634766,28.07743263
418.6919556,28.23831177
419.3205261,28.39878845
419.9492188,28.55885696
420.5780334,28.71851921
421.2069702,28.87777519
421.8360291,29.03663063
422.46521,29.19508553
423.094574,29.3531456
423.7240906,29.51081276
424.3537903,29.66809082
424.9837036,29.82498169
425.6137695,29.98148537
426.2440491,30.13759995
426.8745117,30.29332352
427.5051575,30.44865608
428.1359558,30.60359192
428.7668762,30.75812721
429.3979797,30.91226387
430.0291748,31.06599426
430.6604919,31.21931839
431.2919312,31.37223625
431.9234924,31.52474785
432.5551758,31.67685509
433.1870117,31.82855606
433.8189392,31.97985268
434.4510193,32.13074875
435.0832214,32.28124237
435.7156067,32.43133545
436.348114,32.58102798
436.9807739,32.73031998
437.6135864,32.87921524
438.2465515,33.02770996
438.8796387,33.17580032
439.5129089,33.32349396
440.1463013,33.47078705
440.7798462,33.61767578
441.4135132,33.76416016
442.0473328,33.91024017
442.6812744,34.05591965
443.3153381,34.20118713
443.9495239,34.34605408
444.5838318,34.49050903
445.2182922,34.63455963
445.8528442,34.77820206
446.4875183,34.92144012
447.122345,35.06427002
447.7572632,35.20669174
448.3923035,35.34870529
449.0274963,35.49031067
449.6627808,35.63151169
450.2982178,35.77230835
450.9337769,35.91269302
451.569458,36.05267334
452.2052612,36.19224548
452.8411865,36.33141327
453.4772339,36.47016907
454.1134338,36.60852051
454.7497253,36.74646378
455.3861389,36.88399506
456.0226746,37.02112198
456.6593628,37.15783691
457.2961731,37.29415512
457.933197,37.43008041
458.5704956,37.56562424
459.2080078,37.70078278
459.8457336,37.83555603
460.4837036,37.96993637
461.1217651,38.10390854
461.7598572,38.23744965
462.3979492,38.37055588
463.0360107,38.5032196
463.6740112,38.63543701
464.3120117,38.76721954
464.9500122,38.89857101
465.5880737,39.02949905
466.2262573,39.16001129
466.864502,39.29011154
467.5028992,39.41980743
468.1414795,39.54909897
468.7801819,39.67799377
469.4190979,39.80648422
470.0581665,39.93457794
470.6973572,40.06226349
471.3366699,40.18954086
471.9761047,40.31639862
472.6155396,40.44283295
473.2550354,40.56884003
473.8945007,40.69441223
474.5340271,40.81955338
475.1735535,40.94426727
475.8131409,41.06856155
476.4528503,41.19244003
477.0926819,41.31591415
477.732666,41.4389801
478.3727722,41.56164551
479.013031,41.68389893
479.6534119,41.80573654
480.2938538,41.92715836
480.9343567,42.04816055
481.5748901,42.1687355
482.2154846,42.28889084
482.8561707,42.40861893
483.4968872,42.52793121
484.1376953,42.64682388
484.778595,42.76530075
485.4195862,42.88336182
486.0606995,43.00101089
486.7018738,43.11824036
487.3431702,43.23505783
487.9845276,43.35145569
488.6260071,43.46743774
489.2675476,43.583004
489.9091492,43.69814682
490.5508423,43.81287003
491.1925659,43.92717361
491.8343506,44.04104996
492.4761658,44.15449905
493.1180115,44.2675209
493.7598877,44.38012314
494.401825,44.49229813
495.0438538,44.60406113
495.6860046,44.71540451
496.3282471,44.82633972
496.9705811,44.93685913
497.6130676,45.04697037
498.2556458,45.1566658
498.8983154,45.26594162
499.5410156,45.37479782
500.1837769,45.48322678
500.8265686,45.59122849
501.4693604,45.69880295
502.1121826,45.80595016
502.7550354,45.91266632
503.3978882,46.01895523
504.040802,46.12482071
504.6837463,46.23026276
505.3267822,46.335289
505.9698792,46.43989563
506.6130981,46.54408646
507.2563782,46.64786148
507.8997803,46.7512207
508.5433044,46.85416794
509.1868896,46.95669556
509.8305359,47.05880356
510.4742432,47.16049194
511.117981,47.26174927
511.7617188,47.36257553
512.4054565,47.46297455
513.0491943,47.5629425
513.6928711,47.6624794
514.3366699,47.76158524
514.9804077,47.86026764
515.6242065,47.95853043
516.2681274,48.05636978
516.9121094,48.15379333
517.5561523,48.2508049
518.2003174,48.34739304
518.8445435,48.44356918
519.4888916,48.53932571
520.1332397,48.63465881
520.7776489,48.72956848
521.4221191,48.8240509
522.0665283,48.91810989
522.7109985,49.01173401
523.3554077,49.10493088
523.9998169,49.19769669
524.6442871,49.29003143
525.2886963,49.38193893
525.9331665,49.473423
526.5776367,49.56448364
527.222229,49.65512085
527.8668213,49.74533844
528.5115356,49.83514023
529.15625,49.9245224
529.8010864,50.01348877
530.4459839,50.10202789
531.0909424,50.1901474
531.7358398,50.27783966
532.3807983,50.36510468
533.0257568,50.45194244
533.6706543,50.53834534
534.3155518,50.62432098
534.9604492,50.70986938
535.6053467,50.79498672
536.2502441,50.87968063
536.8952026,50.9639473
537.5401611,51.04779053
538.1851196,51.13121033
538.8302002,51.21421432
539.4752808,51.29679108
540.1204224,51.37895203
540.765625,51.46068573
541.4108276,51.54199982
542.0560303,51.62288666
542.7012939,51.70335007
543.3464966,51.78338623
543.9917603,51.86299133
544.6369019,51.94216537
545.2821045,52.02091217
545.9272461,52.09923172
546.5723877,52.17712402
547.2175293,52.25458908
547.8627319,52.33163071
548.5079346,52.4082489
549.1531372,52.48444366
549.7983398,52.56021881
550.4436035,52.63556671
551.0889282,52.710495
551.7342529,52.78499985
552.3795166,52.85907745
553.0248413,52.93272781
553.670166,53.00595474
554.3154297,53.07875443
554.9606934,53.15112686
555.605957,53.22306824
556.2511597,53.29458237
556.8963623,53.36567307
557.5415039,53.43633652
558.1867065,53.50657272
558.8318481,53.5763855
559.4770508,53.64577484
560.1222534,53.71474075
560.7674561,53.78328323
561.4126587,53.85140228
562.0578613,53.9190979
562.703064,53.98637009
563.3482056,54.05321503
563.9934082,54.11963272
564.6385498,54.18562698
565.2836304,54.251194
565.9287109,54.31633377
566.5737915,54.38105011
567.218811,54.44533539
567.8638306,54.50920105
568.5087891,54.57263947
569.1537476,54.63565063
569.7987061,54.69824219
570.4436646,54.76040649
571.088562,54.82214737
571.7335205,54.88346863
572.378418,54.94436264
573.0233154,55.00483322
573.6681519,55.06488037
574.3129883,55.12450027
574.9577637,55.18369675
575.6025391,55.24246979
576.2472534,55.30081558
576.8919678,55.35873413
577.5365601,55.41623306
578.1812134,55.47330475
578.8258057,55.529953
579.4703369,55.58617401
580.1148682,55.6419754
580.7593384,55.69735336
581.4038086,55.75230789
582.0482788,55.80683899
582.692688,55.86095047
583.3370361,55.9146347
583.9813843,55.96789551
584.6256714,56.02073288
585.2699585,56.07314682
585.9141235,56.12513733
586.5582886,56.17670441
587.2023926,56.22784805
587.8464355,56.27856445
588.4904785,56.32886124
589.1344604,56.3787384
589.7783813,56.42818832
590.4223022,56.47721863
591.0661011,56.5258255
591.7099609,56.57401276
592.3536987,56.62177277
592.9974365,56.66911697
593.6411133,56.71603394
594.284729,56.76253128
594.9282837,56.80860519
595.5717773,56.85425949
596.21521,56.89949036
596.8585815,56.94429779
597.5018921,56.98868561
598.1452026,57.03264999
598.7883911,57.07619095
599.4315796,57.1193161
600.074646,57.16201782
600.7177124,57.20429993
601.3607178,57.2461586
602.0036621,57.28760147
602.6465454,57.32862091
603.2893677,57.36922073
603.9321289,57.40939713
604.5748291,57.44915771
605.2174683,57.48849487
605.8599854,57.52741241
606.5025024,57.56591034
607.1448975,57.60398865
607.7872314,57.64164734
608.4295044,57.6788826
609.0717163,57.71570206
609.7138672,57.7521019
610.355957,57.78808212
610.9979248,57.82364655
611.6398926,57.85879135
612.2817383,57.89351654
612.9235229,57.92782211
613.5652466,57.96171188
614.2069092,57.99518204
614.8485107,58.02823639
615.4899902,58.06086731
616.1314087,58.09308624
616.7727051,58.12488174
617.4139404,58.15626526
618.0551147,58.18722534
618.696167,58.21777344
619.3371582,58.24790192
619.9780884,58.27761459
620.6189575,58.30690765
621.2597046,58.33578873
621.9003906,58.36425018
622.5409546,58.39229965
623.1814575,58.4199295
623.8218994,58.44714737
624.4622192,58.47394562
625.102478,58.50032806
625.7426758,58.52629852
626.3826904,58.55185318
627.022644,58.57698822
627.6625366,58.60171127
628.3023071,58.62602234
628.9420166,58.64991379
629.581604,58.67339325
630.2210693,58.69646072
630.8604736,58.7191124
631.4997559,58.74134827
632.1389771,58.76317596
632.7781372,58.78458405
633.4171143,58.80558395
634.0560913,58.82616806
634.6948853,58.84634399
635.3336182,58.86610413
635.972229,58.88545227
636.6107788,58.90438461
637.2492065,58.92290878
637.8874512,58.94102097
638.5256958,58.95872116
639.1637573,58.97600937
639.8017578,58.99288559
640.4396362,59.00934982
641.0773926,59.02540588
641.7150269,59.04104996
642.3526001,59.05628586
642.9900513,59.07110977
643.6273804,59.08552551
644.2646484,59.09952927
644.9017334,59.11312485
645.5387573,59.12630844
646.1756592,59.13908768
646.812439,59.15145493
647.4490967,59.163414
648.0856323,59.1749649
648.7220459,59.18610764
649.3583374,59.19684219
649.9945068,59.20716858
650.6306152,59.21708679
651.2665405,59.22660065
651.9023438,59.23570633
652.5380859,59.24440384
653.173645,59.25269318
653.8091431,59.26058197
654.444458,59.26805878
655.0797119,59.27513123
655.7147827,59.28179932
656.3497314,59.28806305
656.9846191,59.29391861
657.6193237,59.29936981
658.2539063,59.30442047
658.8883667,59.30906296
659.522644,59.31330109
660.1568604,59.31713486
660.7908936,59.32056808
661.4248657,59.32359314
662.0586548,59.32621765
662.6923218,59.32844162
663.3258057,59.33025742
663.9592285,59.33167648
664.5925293,59.33269119
665.225647,59.33330154
665.8586426,59.33351135
666.4915161,59.33332062
667.1242065,59.33272934
667.7567749,59.33173752
668.3892212,59.33034515
669.0215454,59.32854843
669.6536865,59.32635498
670.2857056,59.32376099
670.9175415,59.32077026
671.5492554,59.317379
672.1808472,59.31358719
672.8123169,59.30939484
673.4436035,59.30480576
674.0747681,59.29981995
674.7057495,59.29443741
675.3366089,59.28865433
675.9673462,59.28247452
676.5979004,59.27589798
677.2282715,59.26892471
677.8585815,59.26155472
678.4886475,59.25378799
679.1185913,59.24562836
679.7484131,59.23706818
680.3780518,59.22811508
681.0075684,59.21876907
681.6369019,59.20902634
682.2661133,59.19888687
682.8951416,59.18835831
683.5239868,59.17743301
684.15271,59.16611481
684.78125,59.15439987
685.409668,59.14229584
686.0379028,59.12979889
686.6660156,59.11690903
687.2939453,59.10362625
687.9216919,59.08995056
688.5493164,59.07588577
689.1767578,59.06142807
689.8040161,59.04658127
690.4311523,59.03134155
691.0581055,59.01571655
691.6848755,58.99969482
692.3114624,58.98328781
692.9379272,58.9664917
693.564209,58.94930649
694.1903076,58.93172836
694.8162842,58.91376495
695.4420166,58.89541245
696.067627,58.87667465
696.6931152,58.85754776
697.3183594,58.83803558
697.9434814,58.81813431
698.5683594,58.79784775
699.1931152,58.77717209
699.817688,58.75611496
700.4420776,58.73466873
701.0663452,58.71283722
701.6903687,58.69062424
702.3143311,58.66802216
702.9381104,58.64503479
703.5617065,58.62166214
704.1852417,58.59790802
704.8085938,58.5737648
705.4318237,58.5492363
706.0549927,58.52432251
706.6779785,58.49902344
707.3008423,58.4733429
707.923584,58.44727325
708.5462036,58.42082214
709.1687622,58.39398575
709.7911377,58.36676788
710.4134521,58.33916092
711.0356445,58.31117249
711.6577148,58.28279877
712.2797241,58.25403595
712.9016724,58.22489166
713.5235596,58.19536209
714.1453857,58.16544724
714.7670898,58.13514328
715.3887939,58.10445786
716.010376,58.07338333
716.631958,58.04192352
717.253479,58.01008224
717.8748779,57.97785187
718.4962769,57.94523621
719.1175537,57.91223526
719.7388306,57.87885284
720.3600464,57.84508133
720.9812012,57.81092453
721.6022949,57.77638245
722.2233887,57.74145126
722.8444214,57.7061348
723.4653931,57.67043304
724.0864258,57.63434601
724.7073975,57.59786987
725.3283081,57.56100464
725.9492188,57.52375412
726.5701294,57.48611832
727.19104,57.44809341
727.8118896,57.40967941
728.4327393,57.37088013
729.0535889,57.33169174
729.6744385,57.29211807
730.2952271,57.25215149
730.9160767,57.21180344
731.5368652,57.17106247
732.1576538,57.12993622
732.7784424,57.08842087
733.399231,57.04651642
734.0200195,57.00422287
734.6408081,56.96154022
735.2615356,56.91846848
735.8823242,56.87500763
736.5031128,56.8311615
737.1239014,56.78692245
737.7446899,56.74229431
738.3654785,56.69727707
738.9863281,56.65187073
739.6071167,56.60607147
740.2279053,56.55988693
740.8487549,56.51330948
741.4696045,56.46634293
742.0904541,56.41898346
742.7113037,56.37123871
743.3321533,56.32310104
743.953064,56.27457047
744.5739136,56.22565079
745.1948242,56.17634201
745.8157349,56.12664032
746.4366455,56.07654953
747.0575562,56.02606583
747.6784668,55.97519302
748.2994385,55.92393112
748.9203491,55.87227631
749.5413208,55.82022858
750.1622314,55.76779175
750.7832031,55.71496582
751.4041748,55.66174698
752.0251465,55.60813522
752.6461792,55.55413055
753.2671509,55.49973679
753.8881836,55.4449501
754.5092163,55.38977432
755.130249,55.33420181
755.7512817,55.2782402
756.3723145,55.2218895
756.9933472,55.16514587
757.6144409,55.10800934
758.2354736,55.05047989
758.8565063,54.99256134
759.4775391,54.93425369
760.0985718,54.87554932
760.7196045,54.81645584
761.3406372,54.75697327
761.961731,54.69709396
762.5827637,54.63682556
763.2037964,54.57616425
763.8248291,54.51511383
764.4458618,54.45366669
765.0668945,54.39183044
765.6879272,54.32960129
766.30896,54.26698303
766.9299927,54.20397186
767.5509644,54.14056778
768.1719971,54.0767746
768.7929688,54.0125885
769.4139404,53.94801331
770.0348511,53.8830452
770.6558228,53.81768417
771.2767334,53.75193405
771.897644,53.68579102
772.5185547,53.61925888
773.1394043,53.55233383
773.7602539,53.48501968
774.3811035,53.41731262
775.0019531,53.34921265
775.6227417,53.28072357
776.2435303,53.21184158
776.8643188,53.1425705
777.4850464,53.07291031
778.1057739,53.00285721
778.7265015,52.93241501
779.3471069,52.8615799
779.9677734,52.7903595
780.5883789,52.71874237
781.2089844,52.64673996
781.8295288,52.57434464
782.4500122,52.50156021
783.0704956,52.42838287
783.690979,52.35481644
784.3114014,52.2808609
784.9318237,52.20651627
785.5521851,52.13177872
786.1724854,52.05665207
786.7927856,51.98113632
787.4130249,51.90523148
788.0332642,51.82893753
788.6534424,51.75225449
789.2735596,51.67518234
789.8936157,51.5977211
790.5136719,51.51986694
791.133667,51.4416275
791.7536621,51.36299896
792.3735962,51.28397751
792.9934692,51.20457077
793.6132813,51.12477493
794.2330933,51.04459
794.8528442,50.96401215
795.4725342,50.88304901
796.0922241,50.80169678
796.711792,50.71995926
797.3313599,50.63782883
797.9508667,50.55531311
798.5703125,50.47240829
799.1897583,50.38911819
799.809082,50.30543518
800.4284058,50.22136688
801.0476685,50.1369133
801.6668701,50.0520668
802.2860107,49.96683502
802.9050903,49.88121414
803.5241089,49.79520798
804.1431274,49.70881271
804.7620239,49.62203217
805.3809204,49.5348587
805.9996948,49.44730377
806.6184692,49.35935974
807.2371826,49.27102661
807.855835,49.1823082
808.4743652,49.0932045
809.0928955,49.0037117
809.7113647,48.91383362
810.3297729,48.82356644
810.9481201,48.73291397
811.5664063,48.64187622
812.1846313,48.55044937
812.8027954,48.45863724
813.4208984,48.36643982
814.0389404,48.2738533
814.6569214,48.1808815
815.2748413,48.0875206
815.8927002,47.99377823
816.510498,47.89964676
817.1281738,47.80513
817.7458496,47.71022797
818.3634644,47.61494064
818.980957,47.51926422
819.5984497,47.42320633
820.2158203,47.32675934
820.8331909,47.22992706
821.4504395,47.1327095
822.067627,47.03510666
822.6848145,46.93711853
823.3018799,46.8387413
823.9188843,46.7399826
824.5358276,46.64083481
825.1526489,46.54130554
825.7694702,46.44138718
826.3862305,46.34108734
827.0028687,46.24039841
827.6195068,46.139328
828.2360229,46.0378685
828.852478,45.93602753
829.4688721,45.83379745
830.0852051,45.73118591
830.701416,45.62818909
831.317627,45.52480698
831.9337158,45.42103958
832.5498047,45.3168869
833.1657715,45.21234894
833.7816772,45.10742569
834.397522,45.00211716
835.0132446,44.89642715
835.6289673,44.79034805
836.2445679,44.68388748
836.8601685,44.57704163
837.475647,44.46981049
838.0910645,44.36219406
838.7063599,44.25419617
839.3216553,44.14580917
839.9368286,44.03704071
840.5519409,43.92789078
841.1669922,43.81835175
841.7819824,43.70843124
842.3969116,43.59812164
843.0117188,43.48743439
843.6265259,43.37635803
844.2412109,43.26489639
844.855835,43.15305328
845.4703369,43.04082489
846.0848389,42.92821503
846.6992188,42.81521988
847.3135376,42.70183945
847.9277954,42.58807373
848.5419922,42.47392654
849.1560669,42.35939407
849.7701416,42.24447632
850.3840942,42.12917709
850.9979248,42.01349258
851.6117554,41.89742661
852.2254639,41.78097534
852.8391724,41.66413879
853.4527588,41.54692078
854.0662231,41.42931747
854.6796875,41.31132889
855.2930298,41.19295883
855.906311,41.07420349
856.5195313,40.95506668
857.1326294,40.83554459
857.7457275,40.71564102
858.3587036,40.59535217
858.9716187,40.47468185
859.5844116,40.35362625
860.1971436,40.23218536
860.8098755,40.11036301
861.4224243,39.98815918
862.0349731,39.86557007
862.6473999,39.74259567
863.2597656,39.61923981
863.8720703,39.49550247
864.4842529,39.37137985
865.0964355,39.24687576
865.7084961,39.12198639
866.3204346,38.99671173
866.932373,38.87105942
867.5441895,38.74502182
868.1559448,38.61859894
868.7675781,38.49179459
869.3791504,38.36460876
869.9906616,38.23703766
870.6021118,38.10908508
871.2134399,37.98075104
871.824707,37.85203171
872.4359131,37.72293091
873.0469971,37.59344482
873.65802,37.46358109
874.2689819,37.33332825
874.8798828,37.20269775
875.4906616,37.07168198
876.1013794,36.94028473
876.7120361,36.80849838
877.3226929,36.67631531
877.9333496,36.54372406
878.5440674,36.41072464
879.1547852,36.27731705
879.765564,36.1435051
880.3762817,36.00930405
880.9868774,35.87472534
881.597229,35.73979187
882.2074585,35.60450363
882.8173828,35.46886444
883.427124,35.3328743
884.0366821,35.19651794
884.6461182,35.05979538
885.2554321,34.92270279
885.864624,34.78522491
886.4737549,34.64736938
887.0828247,34.50912857
887.6918335,34.37049866
888.3007813,34.23147583
888.909729,34.0920639
889.5185547,33.95226288
890.1273193,33.81208038
890.7360229,33.67151642
891.3446045,33.53058243
891.9530029,33.38928604
892.5612183,33.24762344
893.1692505,33.10560608
893.7771606,32.96321869
894.3848877,32.82046509
894.9925537,32.6773262
895.6002197,32.53379822
896.2078247,32.3898735
896.8154297,32.24554825
897.4230347,32.10083008
898.0305176,31.95572472
898.6379395,31.8102417
899.2451782,31.66439056
899.8522949,31.51817513
900.4592285,31.3715992
901.06604,31.22466278
901.6726685,31.07735825
902.2791748,30.92968369
902.8855591,30.78162956
903.4918823,30.63319588
904.0981445,30.48437691
904.7043457,30.33517075
905.3104248,30.18557739
