1,0.454636008,9.675451279,52,1,52,1,-1.951404524,0.004087181,4546366.23,-88757.2425,18
2,0.190566286,9.689844131,53,1,55,1,-1.952433703,0.004087181,4546366.23,-88757.2425,18
3,0.301473141,9.725912094,53,57,57,1,-1.952433703,0.06172181,4546366.23,-88757.2425,18
4,0.363377303,9.656768799,53,57,61,1,-1.951335149,0.06172181,4546366.23,-88757.26786,18
5,0.249794975,9.385725975,61,57,61,1,-1.951335149,0.150924596,4546366.241,-88757.26772,18
6,0.647765458,9.578228951,62,57,64,1,-1.952355672,0.150924596,4546366.242,-88757.30153,18
7,0.36342299,9.729085922,66,57,64,1,-1.952355672,0.166683396,4546366.253,-88757.3014,18
8,0.608124077,9.556033134,66,57,66,1,-1.953023992,0.166683396,4546366.253,-88757.33521,18
9,0.569078386,10.06025028,66,57,66,1,-1.953023992,0.218132195,4546366.264,-88757.33508,18
10,0.267723203,9.915825844,66,57,66,1,-1.952531174,0.218132195,4546366.265,-88757.38579,18
11,0.537802935,9.881948471,66,57,66,1,-1.952531174,0.294407929,4546366.287,-88757.38552,18
12,0.43309927,9.685242653,66,57,66,1,-1.952866333,0.294407929,4546366.288,-88757.44469,18
13,0.509901643,9.858078957,66,66,66,1,-1.952866333,0.344760579,4546366.31,-88757.44442,18
14,0.37663427,9.712471008,66,66,66,66,-1.954485801,0.344760579,4546366.311,-88757.52049,18
15,0.664761364,9.727766991,66,66,66,66,-1.954485801,0.442357881,4546366.334,-88757.52023,18
16,0.47022903,9.845060349,66,66,66,66,-1.956600884,0.442357881,4546366.335,-88757.6132,18
17,0.557011604,9.805016518,66,66,66,66,-1.956600884,0.516015138,4546366.379,-88757.61267,18
18,0.688438773,9.670082092,66,66,66,66,-1.957191573,0.516015138,4546366.381,-88757.7141,18
19,0.814839542,9.759069443,66,66,66,66,-1.957191573,0.589769551,4546366.414,-88757.7137,18
20,0.700953245,9.762239456,66,66,66,66,-1.957191573,0.589769551,4546366.416,-88757.83203,18
21,0.64536041,9.823765755,66,66,64,66,-1.957191573,0.680958077,4546366.46,-88757.8315,18
22,0.463093162,9.94909668,66,66,66,66,-1.96151415,0.680958077,4546366.462,-88757.96674,18
23,0.343186826,9.86614418,66,66,66,66,-1.96151415,0.774522729,4546366.518,-88757.96608,18
24,0.329026073,9.670093536,66,66,66,66,-1.964998097,0.774522729,4546366.52,-88758.12667,18
25,0.322908133,9.707429886,66,66,66,66,-1.964998097,0.874991053,4546366.575,-88758.12601,18
26,0.612628102,9.880045891,66,66,66,66,-1.970806585,0.874991053,4546366.577,-88758.2866,18
27,0.271349877,9.833459854,66,66,66,66,-1.970806585,0.910617557,4546366.656,-88758.28567,18
28,0.234299973,10.08708191,66,66,66,66,-1.975092942,0.910617557,4546366.658,-88758.46317,18
29,0.459152609,10.03942871,66,66,66,66,-1.975092942,0.940846813,4546366.736,-88758.46224,18
30,0.396541148,9.90514946,66,66,66,66,-1.977856638,0.940846813,4546366.736,-88758.46224,18
31,0.35622701,9.445258141,66,66,66,66,-1.977856638,1.015752875,4546366.803,-88758.46144,18
32,0.624325216,9.946187973,66,66,66,66,-1.977856638,1.015752875,4546366.805,-88758.63894,18
33,0.329331547,10.12829304,66,66,66,66,-1.977856638,1.015752875,4546366.805,-88758.63894,18
34,0.224517539,10.09067822,66,66,66,66,-1.987640692,1.015752875,4546366.805,-88758.63894,18
35,0.51471144,9.703721046,66,66,66,66,-1.987640692,1.139525842,4546366.984,-88758.63682,18
36,0.160928041,9.223117828,66,66,66,66,-1.990639678,1.139525842,4546366.989,-88759.03408,18
37,0.336508542,9.574645996,66,66,66,66,-1.990639678,1.127328675,4546367.089,-88759.03288,18
38,0.487919182,9.767803192,66,66,66,66,-1.993892729,1.127328675,4546367.094,-88759.46395,18
39,0.553577662,9.74455452,66,66,66,66,-1.993892729,1.242907836,4546367.195,-88759.46275,18
40,0.432035923,9.846039772,66,66,66,66,-2.00428212,1.242907836,4546367.197,-88759.68251,18
41,0.461883694,9.968209267,66,66,66,66,-2.00428212,1.239062133,4546367.309,-88759.68118,18
42,0.713610351,9.953084946,64,66,66,66,-2.00863812,1.239062133,4546367.312,-88759.91785,18
43,0.625988901,9.513842583,66,66,66,66,-2.00863812,1.289492674,4546367.412,-88759.91665,18
44,0.358620018,9.342855453,66,66,66,66,-2.01295497,1.289492674,4546367.415,-88760.15332,18
45,0.694670498,9.442144394,66,66,66,66,-2.01295497,1.366293706,4546367.527,-88760.15199,18
46,0.438267618,10.16230297,64,66,64,66,-2.017840007,1.366293706,4546367.53,-88760.41401,18
47,0.725331843,9.908874512,64,66,64,66,-2.017840007,1.482390075,4546367.653,-88760.41255,18
48,0.401534259,10.22207642,64,66,64,64,-2.02341094,1.482390075,4546367.656,-88760.69148,18
49,0.398831874,10.22457504,64,66,64,64,-2.02341094,1.538108404,4546367.779,-88760.69002,18
50,0.31897825,9.757622719,64,66,64,64,-2.025010568,1.538108404,4546367.783,-88760.97739,18
51,0.436574668,9.719094276,61,66,62,64,-2.025010568,1.626321987,4546367.917,-88760.9758,18
52,0.068754233,9.512452126,57,66,57,64,-2.033588344,1.626321987,4546367.92,-88761.26318,18
53,-0.022507546,9.506227493,53,57,53,64,-2.033588344,1.710543191,4546368.088,-88761.26119,18
54,0.140414253,9.974338531,50,57,50,64,-2.037680823,1.710543191,4546368.088,-88761.26119,18
55,0.154754221,10.08132648,50,57,50,64,-2.037680823,1.696952615,4546368.233,-88761.25946,18
56,0.116977654,9.97508812,50,50,50,64,-2.038693757,1.696952615,4546368.233,-88761.25946,18
57,-0.072016187,9.700212479,50,50,50,64,-2.038693757,1.709191374,4546368.378,-88761.25774,18
58,-0.150712192,9.734195709,50,50,50,64,-2.041249725,1.709191374,4546368.389,-88762.17904,18
59,0.073424779,9.048114777,50,50,50,64,-2.041249725,1.711480257,4546368.557,-88762.17704,18
60,0.487015188,9.560604095,50,50,50,64,-2.039965816,1.711480257,4546368.56,-88762.48133,18
61,0.454482734,9.932033539,50,50,50,50,-2.039965816,1.735515747,4546368.717,-88762.47947,18
62,0.128363267,10.02302933,50,50,50,50,-2.044241387,1.735515747,4546368.72,-88762.78375,18
63,0.118826486,10.36074448,50,50,50,50,-2.044241387,1.709953001,4546368.877,-88762.78189,18
64,0.385834932,9.764657021,50,50,50,50,-2.044690663,1.709953001,4546368.88,-88763.10308,18
65,0.393856525,9.556939125,50,50,50,50,-2.044690663,1.776749022,4546369.026,-88763.10135,18
66,0.312773228,9.763439178,50,50,50,50,-2.046721323,1.776749022,4546369.029,-88763.42254,18
67,-0.039536729,9.693629265,50,50,50,50,-2.046721323,1.841291646,4546369.186,-88763.42068,18
68,0.374748737,10.06618214,50,50,50,50,-2.043500762,1.841291646,4546369.19,-88763.74187,18
69,0.275683045,10.09735584,50,50,50,50,-2.043500762,1.830333166,4546369.38,-88763.73961,18
70,-0.024122734,9.259133339,50,50,50,50,-2.044522484,1.830333166,4546369.383,-88764.0608,18
71,0.504944861,9.399433136,50,50,50,50,-2.044522484,1.837999453,4546369.551,-88764.05881,18
72,0.402722329,9.72149086,50,50,50,50,-2.045554725,1.837999453,4546369.555,-88764.3969,18
73,0.262641162,9.419575691,50,50,50,50,-2.045554725,1.87987752,4546369.711,-88764.39504,18
74,0.446671128,9.933226585,50,50,50,50,-2.048044781,1.87987752,4546369.715,-88764.73313,18
75,0.016906241,9.71850872,50,50,50,50,-2.048044781,1.843233712,4546369.883,-88764.73114,18
76,0.206106469,10.02258301,50,50,50,50,-2.04893188,1.843233712,4546369.883,-88764.73114,18
77,0.203793913,10.03035259,50,50,50,50,-2.04893188,1.874701279,4546370.05,-88764.72915,18
78,0.106006801,9.901696205,50,50,50,50,-2.048360366,1.874701279,4546370.058,-88765.39688,18
79,0.144460127,9.596014977,50,50,50,50,-2.048360366,1.898675981,4546370.215,-88765.39502,18
80,0.365761131,9.906870842,50,50,50,50,-2.046961407,1.898675981,4546370.219,-88765.74156,18
81,0.260930717,9.532673836,50,50,50,50,-2.046961407,1.906878359,4546370.398,-88765.73944,18
82,-0.027705692,9.813367844,50,50,50,50,-2.046130234,1.906878359,4546370.402,-88766.06908,18
83,0.490215719,9.536180496,50,50,50,50,-2.046130234,1.898901507,4546370.58,-88766.06696,-4
84,0.469354093,9.774874687,50,50,50,50,-2.043010208,1.898901507,4546370.585,-88766.42195,-4
85,0.135770306,9.906255722,50,50,50,50,-2.043010208,1.980737914,4546370.752,-88766.41996,-4
86,0.257899225,9.631736755,50,50,50,50,-2.043041633,1.980737914,4546370.756,-88766.78341,-4
87,-0.165723324,10.02487755,50,50,50,50,-2.043041633,1.989207943,4546370.924,-88766.78142,-4
88,-0.082137205,9.774349213,50,50,50,50,-2.040332533,1.989207943,4546370.928,-88767.13641,-4
89,0.632876456,10.05126572,50,50,50,50,-2.040332533,2.048653692,4546371.107,-88767.13429,-4
90,0.256614566,9.40760231,50,50,50,50,-2.039440374,2.048653692,4546371.111,-88767.49774,-4
91,0.046883646,9.906980515,50,50,50,50,-2.039440374,2.024247145,4546371.111,-88767.49774,-4
92,0.121693499,9.995467186,50,50,50,50,-2.03986355,2.024247145,4546371.295,-88767.86751,-4
93,-0.188613296,8.927595139,48,50,46,50,-2.03986355,2.024354223,4546371.473,-88767.86539,-4
94,0.375577956,9.926523209,46,50,46,50,-2.040086723,2.024354223,4546371.478,-88768.22884,-4
95,-0.144304678,9.349686623,46,46,46,46,-2.040086723,2.099683773,4546371.656,-88768.22671,-4
96,0.801208436,10.11871338,46,46,46,46,-2.037983625,2.099683773,4546371.661,-88768.59861,-4
97,-0.426182032,9.41431427,46,46,46,46,-2.037983625,2.063987935,4546371.851,-88768.59636,-4
98,0.617205799,9.581093788,46,46,44,46,-2.037983625,2.063987935,4546371.855,-88768.96826,-4
99,0.370961219,10.03659248,44,44,44,46,-2.037983625,2.015836401,4546371.855,-88768.96826,-4
100,-0.302114278,10.24853706,44,44,44,46,-2.037596268,2.015836401,4546372.038,-88769.33803,-4
101,0.238580033,10.58102226,44,44,44,46,-2.037596268,2.092314378,4546372.206,-88769.33604,-4
102,-0.498677343,9.202439308,44,44,44,44,-2.037596268,2.092314378,4546372.206,-88769.33604,-4
103,-0.159062862,8.965208054,41,44,41,44,-2.037596268,2.16099847,4546372.586,-88769.33153,-4
104,0.605890095,10.19462299,41,44,41,44,-2.038933308,2.16099847,4546372.595,-88770.10914,-4
105,-0.521380246,9.559745789,43,44,43,44,-2.038933308,2.099614755,4546372.774,-88770.10702,-4
106,0.515509963,10.3937664,43,44,43,44,-2.035492371,2.099614755,4546372.778,-88770.48737,-4
107,0.053702455,10.59638691,43,43,43,43,-2.035492371,2.099614755,4546372.778,-88770.48737,-4
108,-0.207495287,9.741361618,43,43,43,43,-2.039373262,2.099614755,4546372.783,-88770.86772,-4
109,-0.161400184,9.26776123,43,43,43,43,-2.039373262,2.12540035,4546372.984,-88770.86533,-4
110,0.285360545,10.4969635,43,43,43,43,-2.037409181,2.12540035,4546372.988,-88771.25414,-4
111,-0.446468771,8.506972313,43,43,43,43,-2.037409181,2.188837217,4546373.178,-88771.25188,-4
112,0.399050176,10.01141071,43,43,43,43,-2.038961404,2.188837217,4546373.183,-88771.64914,-4
113,-0.48293975,9.453318596,44,43,44,43,-2.038961404,2.159413005,4546373.362,-88771.64701,-4
114,0.334349811,9.64786911,43,43,43,43,-2.036527675,2.159413005,4546373.366,-88772.03582,-4
115,0.291552246,10.8293581,43,43,43,43,-2.036527675,2.134846252,4546373.556,-88772.03356,-4
116,-0.283800989,8.561157227,43,43,43,43,-2.038233296,2.134846252,4546373.561,-88772.40546,-4
117,0.10661146,10.591362,44,43,44,43,-2.038233296,2.124352696,4546373.762,-88772.40307,-4
118,0.159709767,10.27838039,46,46,46,43,-2.034180498,2.124352696,4546373.766,-88772.79187,-4
119,0.238643065,8.740987778,41,46,41,43,-2.034180498,2.170774159,4546373.956,-88772.78962,-4
120,0.44311884,10.23614407,46,46,46,43,-2.038167649,2.170774159,4546373.961,-88773.18688,-4
121,-0.068825968,9.762205124,46,46,48,43,-2.038167649,2.131581263,4546374.14,-88773.18475,-4
122,-0.179175004,9.541994095,48,46,48,43,-2.033304184,2.131581263,4546374.144,-88773.5651,-4
123,0.080542065,10.84312058,48,46,48,43,-2.033304184,2.125212712,4546374.334,-88773.56285,-4
124,0.405585825,9.11035347,46,46,46,43,-2.034994892,2.125212712,4546374.339,-88773.95165,-4
125,0.054170769,9.935479164,46,48,48,43,-2.034994892,2.185274828,4546374.529,-88773.94939,-4
126,0.812267601,9.938239098,48,48,48,43,-2.033327221,2.185274828,4546374.533,-88774.34665,-4
127,0.142855525,8.895261765,46,48,46,43,-2.033327221,2.168003902,4546374.701,-88774.34466,-4
128,-0.210361257,10.97105217,46,48,48,43,-2.034781706,2.168003902,4546374.706,-88774.72501,-4
129,0.228990778,9.757941246,48,48,48,43,-2.034781706,2.200097195,4546374.918,-88774.72249,-4
130,0.660493672,9.940267563,46,44,44,43,-2.034942428,2.200097195,4546374.922,-88775.11975,-4
131,0.094291255,9.315748215,46,44,46,46,-2.034942428,2.207353545,4546375.124,-88775.11736,-4
132,-0.60883832,9.171173096,46,46,46,46,-2.027934053,2.207353545,4546375.128,-88775.51461,-4
133,0.205592886,8.703264236,46,46,44,44,-2.027934053,2.200731433,4546375.307,-88775.51249,-4
134,0.032555494,10.43311119,44,46,44,44,-2.030214119,2.200731433,4546375.312,-88775.9182,-4
135,0.447516739,10.23244953,44,46,46,44,-2.030214119,2.259026486,4546375.502,-88775.91594,-4
136,0.482167184,9.515536308,44,46,44,44,-2.028397576,2.259026486,4546375.506,-88776.3132,-4
137,1.166698337,9.9127388,44,46,44,44,-2.028397576,2.121093125,4546375.506,-88776.3132,-4
138,-0.331854492,10.21658993,44,46,44,44,-2.027553887,2.121093125,4546375.701,-88776.7082,-4
139,0.973921299,9.389278412,44,46,44,44,-2.027553887,2.198876052,4546375.88,-88776.70608,-4
140,0.554901659,10.05146599,44,44,44,44,-2.027194893,2.198876052,4546375.885,-88777.10333,-4
141,0.167159349,9.501895905,44,44,44,44,-2.027194893,2.270384543,4546376.063,-88777.10121,-4
142,0.170487314,9.400865555,44,44,44,44,-2.030322509,2.270384543,4546376.068,-88777.50692,-4
143,-0.607347429,9.538906097,44,44,44,44,-2.030322509,2.241715242,4546376.28,-88777.5044,-4
144,0.653836429,10.20162964,44,44,44,44,-2.030342616,2.241715242,4546376.285,-88777.90165,-4
145,0.134723932,9.846436501,44,44,44,44,-2.030342616,2.263689342,4546376.486,-88777.89926,-4
146,0.463441461,10.06513786,44,44,44,44,-2.031130113,2.263689342,4546376.491,-88778.30497,-4
147,-0.216770858,8.955537796,44,44,44,44,-2.031130113,2.210462799,4546376.681,-88778.30271,-4
148,0.536145031,9.484660149,44,44,44,44,-2.032099104,2.210462799,4546376.686,-88778.70842,-4
149,0.086692527,9.84920311,44,44,44,44,-2.032099104,2.236604826,4546376.876,-88778.70617,-4
150,0.370004416,10.18407631,44,44,44,44,-2.036329402,2.236604826,4546376.881,-88779.11188,-4
151,0.089300863,9.655385971,44,44,44,44,-2.036329402,2.224198218,4546377.07,-88779.10962,-4
152,0.075460196,9.424552917,44,44,44,44,-2.035252553,2.224198218,4546377.075,-88779.50688,-4
153,0.34285152,9.868380547,44,44,46,44,-2.035252553,2.214155824,4546377.276,-88779.50449,-4
154,0.311320871,10.15454865,46,46,44,46,-2.032415354,2.214155824,4546377.281,-88779.9102,-4
155,-0.366279304,10.15723038,46,46,46,46,-2.032415354,2.315650031,4546377.482,-88779.90781,-4
156,0.274103045,9.903633118,46,46,46,46,-2.035462144,2.315650031,4546377.487,-88780.32197,-4
157,0.144732311,9.376156807,46,46,46,46,-2.035462144,2.262585435,4546377.688,-88780.31958,-4
158,-0.124191463,9.68083477,46,46,46,46,-2.034971989,2.262585435,4546377.693,-88780.72529,-4
159,0.282395124,10.46326065,46,46,46,46,-2.034971989,2.278953813,4546377.894,-88780.7229,-4
160,0.461799741,9.303216934,46,46,46,46,-2.038245147,2.278953813,4546377.899,-88781.14551,-4
161,-0.455068916,9.927492142,46,46,46,46,-2.038245147,2.332432888,4546378.1,-88781.14312,-4
162,0.097889729,8.884943008,46,46,46,46,-2.03685764,2.332432888,4546378.105,-88781.56573,-4
163,0.556573629,10.2270298,46,46,46,46,-2.03685764,2.324426857,4546378.295,-88781.56348,-4
164,-0.11503201,10.10731888,46,46,46,46,-2.038172576,2.324426857,4546378.3,-88781.97764,-4
165,0.40819633,10.31060219,46,46,46,46,-2.038172576,2.32754768,4546378.501,-88781.97525,-4
166,0.221020475,9.249058723,46,46,46,46,-2.03962786,2.32754768,4546378.506,-88782.38941,-4
167,0.092395656,9.265286446,46,46,46,46,-2.03962786,2.286230252,4546378.718,-88782.38689,-4
168,0.376861215,9.485201836,46,46,46,46,-2.036539392,2.286230252,4546378.723,-88782.8095,-4
169,0.267149836,9.768155098,46,46,46,46,-2.036539392,2.374334097,4546378.924,-88782.80711,-4
170,0.229877263,10.33677959,46,46,46,46,-2.03692342,2.374334097,4546378.929,-88783.22972,-4
171,-0.09876021,10.37873363,46,46,46,46,-2.03692342,2.365151309,4546379.142,-88783.2272,3
172,0.295292079,9.651907921,46,46,46,46,-2.040948256,2.365151309,4546379.147,-88783.64982,3
173,-0.130716279,9.613274574,46,46,46,46,-2.040948256,2.362275918,4546379.359,-88783.64729,3
174,-0.044174943,9.668064117,46,46,46,46,-2.037193864,2.362275918,4546379.364,-88784.08681,3
175,0.522110403,10.0132246,46,46,46,46,-2.037193864,2.455905969,4546379.565,-88784.08442,3
176,-0.138647109,9.346985817,46,46,46,46,-2.036239787,2.455905969,4546379.57,-88784.51549,3
177,0.024041792,9.327665329,46,46,46,46,-2.036239787,2.421963333,4546379.783,-88784.51296,3
178,0.59466368,10.26169872,46,46,46,46,-2.037753128,2.421963333,4546379.788,-88784.95248,3
179,0.002975611,9.780331612,46,46,46,46,-2.037753128,2.43705572,4546380.011,-88784.94983,3
180,0.186294526,9.377905846,46,46,46,46,-2.036289721,2.43705572,4546380.016,-88785.38934,3
181,0.58124423,9.619638443,46,46,46,46,-2.036289721,2.462963926,4546380.229,-88785.38682,3
182,0.125274003,9.529576302,46,46,46,46,-2.032889131,2.462963926,4546380.234,-88785.83479,3
183,0.280716032,9.702167511,46,46,46,46,-2.032889131,2.488346892,4546380.457,-88785.83214,3
184,0.042396292,10.34928226,46,46,46,46,-2.031036503,2.488346892,4546380.463,-88786.28011,3
185,0.281320423,9.407069206,46,46,46,46,-2.031036503,2.446876625,4546380.664,-88786.27772,3
186,0.237177759,9.588041306,46,46,46,46,-2.032264087,2.446876625,4546380.669,-88786.72569,3
187,0.182900339,9.499880791,46,46,46,46,-2.032264087,2.476881656,4546380.881,-88786.72317,3
188,-0.100635439,9.938376427,46,46,46,46,-2.031519866,2.476881656,4546380.881,-88786.72317,3
189,-0.005045063,10.10339069,46,46,46,46,-2.031519866,2.543788677,4546381.105,-88786.72051,3
190,0.292661726,10.06892967,46,46,46,46,-2.032480868,2.543788677,4546381.116,-88787.63335,3
191,-0.053038683,10.19364166,46,46,46,46,-2.032480868,2.548651057,4546381.339,-88787.6307,3
192,-0.053850267,9.637921333,46,46,46,46,-2.030581102,2.548651057,4546381.345,-88788.08712,3
193,0.068164796,9.685542107,46,46,46,46,-2.030581102,2.57053752,4546381.568,-88788.08447,3
194,0.328746855,9.781331062,46,46,46,46,-2.034848818,2.57053752,4546381.574,-88788.55779,3
195,-0.279299349,9.603197098,46,46,46,46,-2.034848818,2.588835585,4546381.786,-88788.55527,3
196,-0.150639638,9.510339737,46,46,46,46,-2.034908206,2.588835585,4546381.792,-88789.0286,3
197,0.075412624,10.05662155,46,46,46,46,-2.034908206,2.599533254,4546382.25,-88789.02315,3
198,0.340319365,9.606179237,46,46,46,46,-2.035218331,2.599533254,4546382.255,-88789.48803,3
199,0.010846796,9.944108009,46,46,46,46,-2.035218331,2.611073562,4546382.49,-88789.48524,3
200,0.245183885,10.11628056,46,46,46,46,-2.035388507,2.611073562,4546382.495,-88789.95011,3
201,0.075440347,10.22759628,46,46,46,46,-2.035388507,2.596427077,4546382.73,-88789.94733,3
202,-0.147841603,9.974560738,46,46,46,46,-2.036752179,2.596427077,4546382.735,-88790.42065,11
203,0.103955843,9.771595955,46,46,46,46,-2.036752179,2.65252145,4546382.97,-88790.41787,11
204,-0.067756951,9.089598656,46,46,46,46,-2.038872987,2.65252145,4546382.976,-88790.89964,11
205,0.335022271,10.30363274,46,46,46,46,-2.038872987,2.669519254,4546383.21,-88790.89686,11
206,0.066131078,10.28131294,46,46,46,46,-2.03978552,2.669519254,4546383.216,-88791.37018,11
207,0.276951373,9.900583267,44,46,46,46,-2.03978552,2.662822336,4546383.216,-88791.37018,11
208,0.1282143,9.670876503,44,46,43,46,-2.042369052,2.662822336,4546383.222,-88791.84351,11
209,-0.264979392,9.193483353,44,46,43,46,-2.042369052,2.656673971,4546383.467,-88791.84059,11
210,0.53099978,9.684401512,44,44,44,46,-2.041262375,2.656673971,4546383.473,-88792.33082,11
211,-0.174435094,10.46235752,44,44,44,46,-2.041262375,2.707161123,4546383.708,-88792.32803,11
212,0.009588638,9.608752251,44,44,44,46,-2.042291288,2.707161123,4546383.714,-88792.80981,11
213,0.28514871,10.06506538,44,44,44,46,-2.042291288,2.701530384,4546383.948,-88792.80702,11
214,0.049338423,9.560786247,44,44,44,46,-2.042291288,2.701530384,4546383.948,-88792.80702,11
215,-0.243809968,9.811476707,44,44,44,46,-2.042291288,2.701530384,4546384.428,-88792.80131,11
216,0.288646758,9.730286598,44,44,44,46,-2.041295399,2.701530384,4546384.44,-88793.77332,11
217,-0.181811526,9.693809509,44,44,44,46,-2.041295399,2.744063246,4546384.44,-88793.77332,11
218,0.680521548,9.71577549,43,44,43,46,-2.042430704,2.744063246,4546384.446,-88794.26355,11
219,0.000478124,9.773564339,41,44,41,46,-2.042430704,2.697878894,4546384.68,-88794.26077,11
220,0.05372617,9.765458107,41,41,41,46,-2.042430704,2.697878894,4546384.68,-88794.26077,11
221,0.066054404,10.17233467,41,41,41,46,-2.042430704,2.738541672,4546385.161,-88794.25506,11
222,0.204309046,9.878011703,41,41,41,46,-2.040962903,2.738541672,4546385.161,-88794.25506,11
223,0.190786183,9.201494217,41,41,41,46,-2.040962903,2.703223867,4546385.395,-88794.25227,11
224,0.133918554,10.179286,41,41,41,41,-2.039031046,2.703223867,4546385.413,-88795.70606,11
225,0.065700993,9.865350723,41,41,41,41,-2.039031046,2.696931867,4546385.413,-88795.70606,11
226,-0.104079515,9.862010002,41,41,41,41,-2.040233463,2.696931867,4546385.653,-88796.18505,11
227,0.051478375,9.980445862,41,41,41,41,-2.040233463,2.696931867,4546385.653,-88796.18505,11
228,-0.108404867,8.995635986,41,41,41,41,-2.036521949,2.696931867,4546385.659,-88796.67528,11
229,0.119403444,10.11078072,41,41,41,41,-2.036521949,2.722892431,4546385.893,-88796.67249,11
230,0.350436091,10.17632866,41,41,41,41,-2.035508216,2.722892431,4546385.899,-88797.16272,11
231,0.324025929,9.814807892,41,41,41,41,-2.035508216,2.71940465,4546386.145,-88797.1598,11
232,0.250499696,9.769135475,41,41,41,41,-2.036557502,2.71940465,4546386.151,-88797.65003,11
233,0.190661535,9.312093735,41,41,41,41,-2.036557502,2.664302232,4546386.374,-88797.64738,11
234,-0.300935835,9.35228157,43,41,41,41,-2.032745853,2.664302232,4546386.38,-88798.13761,11
235,-0.011943984,9.870474815,43,43,43,41,-2.032745853,2.722366299,4546386.615,-88798.13482,11
236,0.393034071,10.14505005,41,43,43,43,-2.030874316,2.722366299,4546386.621,-88798.62505,11
237,-0.187081471,9.928157806,41,43,41,43,-2.030874316,2.745874991,4546386.855,-88798.62226,11
238,-0.013832303,10.07269764,43,43,43,43,-2.028927679,2.745874991,4546386.861,-88799.11249,11
239,0.551902831,9.759925842,41,43,41,43,-2.028927679,2.671572242,4546387.096,-88799.1097,11
240,-0.207112029,9.897654533,43,43,41,43,-2.029032607,2.671572242,4546387.102,-88799.60839,11
241,0.098040499,9.43598938,43,43,43,43,-2.029032607,2.76694314,4546387.325,-88799.60573,11
242,-0.06688562,9.409181595,41,43,41,43,-2.030499876,2.76694314,4546387.331,-88800.10441,11
243,-0.173267856,9.855283737,41,41,41,43,-2.030499876,2.763822139,4546387.577,-88800.10149,11
244,0.257388949,10.5086689,41,41,41,43,-2.030843557,2.763822139,4546387.583,-88800.60018,11
245,-0.015184359,10.05698204,41,41,41,43,-2.030843557,2.730553925,4546387.817,-88800.59739,11
246,-0.19008477,9.212086678,41,41,41,43,-2.031493235,2.730553925,4546387.823,-88801.08762,11
247,0.437804192,10.05092621,41,41,41,43,-2.031493235,2.72656715,4546388.058,-88801.08483,11
248,-0.126604646,10.36770821,41,41,41,41,-2.034012718,2.72656715,4546388.063,-88801.57506,11
249,-0.409274697,9.75384903,41,41,41,41,-2.034012718,2.747438714,4546388.309,-88801.57214,11
250,0.010690209,9.987048149,41,41,41,41,-2.033398194,2.747438714,4546388.315,-88802.07082,11
251,0.339722127,9.805624008,41,41,41,41,-2.033398194,2.727560327,4546388.55,-88802.06804,11
252,-0.309855014,9.411418915,41,41,41,41,-2.032867026,2.727560327,4546388.556,-88802.56672,11
253,-0.094385587,10.22501087,41,41,41,41,-2.032867026,2.775001096,4546388.79,-88802.56393,11
254,0.168971226,10.0035162,41,41,41,41,-2.03309739,2.775001096,4546388.796,-88803.06261,11
255,-0.008803016,9.860341072,41,41,41,41,-2.03309739,2.725880663,4546389.288,-88803.05677,11
256,-0.108626507,10.14551544,41,41,43,41,-2.033426956,2.725880663,4546389.294,-88803.55545,11
257,-0.244079381,10.10613346,43,41,41,41,-2.033426956,2.725880663,4546389.294,-88803.55545,11
258,0.074352734,9.860991478,41,41,41,41,-2.033023088,2.725880663,4546389.299,-88804.04568,11
259,0.083329722,9.897912025,41,41,43,41,-2.033023088,2.778268677,4546389.534,-88804.0429,11
260,0.30682373,9.178603172,41,41,41,41,-2.032351705,2.778268677,4546389.54,-88804.55003,11
261,-0.101709016,9.719765663,41,41,41,41,-2.032351705,2.774313948,4546389.54,-88804.55003,11
262,-0.011145694,10.2202425,41,41,41,41,-2.032884603,2.774313948,4546389.781,-88805.04593,11
263,0.177497208,10.17170906,41,41,41,41,-2.032884603,2.752188923,4546390.026,-88805.043,7
264,0.193185508,9.746890068,41,41,41,41,-2.032338522,2.752188923,4546390.032,-88805.54169,7
265,-0.235422716,9.44726944,41,41,41,41,-2.032338522,2.768583784,4546390.278,-88805.53877,7
266,0.098182909,9.524259567,41,41,41,41,-2.033461843,2.768583784,4546390.284,-88806.03745,7
267,0.221382365,9.869940758,41,41,41,41,-2.033461843,2.797944494,4546390.519,-88806.03466,7
268,-0.037334245,9.709675789,41,41,43,41,-2.031634382,2.797944494,4546390.525,-88806.55025,7
269,0.386034638,9.65555954,41,41,41,41,-2.031634382,2.826229094,4546390.759,-88806.54746,7
270,-0.14691174,9.285956383,41,41,41,41,-2.034374775,2.826229094,4546390.765,-88807.05459,7
271,-0.01681377,9.918740273,41,41,41,41,-2.034374775,2.782732513,4546391,-88807.05181,7
272,0.037078902,10.09377098,41,41,41,41,-2.029266033,2.782732513,4546391,-88807.05181,7
273,0.25300619,9.488517761,41,41,41,41,-2.029266033,2.820756462,4546391.257,-88807.04875,7
274,-0.063841172,9.33844471,41,41,41,41,-2.034034556,2.820756462,4546391.269,-88808.04612,7
275,-0.018861791,10.22022724,41,41,41,41,-2.034034556,2.792230252,4546391.269,-88808.04612,7
276,0.00497979,10.05756283,41,41,41,41,-2.033161705,2.792230252,4546391.526,-88808.04306,7
277,-0.056872845,9.644711494,41,41,41,41,-2.033161705,2.809590934,4546391.771,-88808.04014,7
278,0.495967776,9.979042053,41,41,41,41,-2.035104082,2.809590934,4546391.784,-88809.06286,7
279,-0.167609558,9.688441277,41,41,41,41,-2.035104082,2.823061469,4546392.018,-88809.06008,7
280,0.302024394,10.24012661,41,41,41,41,-2.03303667,2.823061469,4546392.024,-88809.55876,7
281,-0.018631808,10.34386826,41,41,41,41,-2.03303667,2.805166915,4546392.281,-88809.5557,7
282,-0.255895525,9.896863937,41,41,41,41,-2.03208459,2.805166915,4546392.287,-88810.06284,7
283,-0.144378304,9.64103508,41,41,41,41,-2.03208459,2.834983053,4546392.533,-88810.05992,7
284,0.1016891,9.432423592,41,41,41,41,-2.030095741,2.834983053,4546392.539,-88810.57551,7
285,0.194227949,9.561925888,41,41,41,41,-2.030095741,2.871946539,4546392.785,-88810.57258,7
286,0.062054623,9.964349747,41,41,41,41,-2.027118327,2.871946539,4546392.791,-88811.08817,7
287,0.041175965,10.10168648,41,41,41,41,-2.027118327,2.800228104,4546393.037,-88811.08525,7
288,0.292902052,9.936008453,41,41,41,41,-2.026092211,2.800228104,4546393.043,-88811.59238,7
289,-0.081308424,9.560134888,41,41,41,41,-2.026092211,2.810041,4546393.288,-88811.58946,7
290,-0.272843301,9.666242599,41,41,41,41,-2.026804074,2.810041,4546393.288,-88811.58946,7
291,-0.011666691,9.770288467,41,41,41,41,-2.026804074,2.848912232,4546393.288,-88811.58946,7
292,0.186242819,10.52370739,41,41,41,41,-2.027068792,2.848912232,4546393.546,-88812.60926,7
293,0.002946763,10.02277946,41,41,41,41,-2.027068792,2.836233643,4546393.792,-88812.60634,7
294,-0.026218697,9.107942581,41,41,41,41,-2.026127498,2.836233643,4546393.798,-88813.11348,7
295,0.18199493,9.750853539,41,41,41,41,-2.026127498,2.799071457,4546393.798,-88813.11348,7
296,-0.071718596,9.359671593,41,41,41,41,-2.025559046,2.799071457,4546394.039,-88813.62628,7
297,0.106082723,9.797327995,41,41,41,41,-2.025559046,2.850792323,4546394.274,-88813.62349,7
298,0.251353443,10.18512154,41,41,41,41,-2.023579652,2.850792323,4546394.28,-88814.14753,7
299,-0.00059714,9.54158783,41,41,41,41,-2.023579652,2.844166948,4546394.514,-88814.14474,7
300,0.110708423,9.848751068,43,41,43,41,-2.02218056,2.844166948,4546394.521,-88814.66033,7
301,-0.064151756,9.576864243,43,43,43,41,-2.02218056,2.86994368,4546394.766,-88814.6574,7
302,0.132128984,9.550374031,41,43,41,41,-2.020794518,2.86994368,4546394.772,-88815.17299,7
303,0.437910557,9.83007431,41,43,41,41,-2.020794518,2.868518905,4546395.018,-88815.17007,7
304,-0.41014871,9.650186539,41,41,41,41,-2.020427135,2.868518905,4546395.024,-88815.68566,7
305,0.227670595,10.11122894,41,41,41,41,-2.020427135,2.836366042,4546395.259,-88815.68287,7
306,-0.213178918,9.464954376,41,41,41,41,-2.02098307,2.836366042,4546395.265,-88816.20691,7
307,-0.056842692,9.644846916,41,41,41,41,-2.02098307,2.876514425,4546395.489,-88816.20425,7
308,0.594357729,9.907652855,41,41,41,41,-2.019903158,2.876514425,4546395.495,-88816.73674,7
309,0.331338763,10.48669338,41,41,41,41,-2.019903158,2.910115908,4546395.741,-88816.73382,7
310,0.166615456,9.770863533,41,41,41,41,-2.016947448,2.910115908,4546395.747,-88817.24941,7
311,0.128663868,8.839766502,41,41,41,41,-2.016947448,2.847953702,4546395.993,-88817.24649,7
312,0.007435066,9.481882095,41,41,41,41,-2.015702154,2.847953702,4546395.999,-88817.77053,7
313,0.281267732,10.56197071,41,41,41,41,-2.015702154,2.916400958,4546396.233,-88817.76774,7
314,0.104907691,9.724732399,41,41,41,41,-2.013970434,2.916400958,4546396.24,-88818.30868,7
315,-0.159255832,9.775261879,41,41,41,41,-2.013970434,2.942333463,4546396.474,-88818.30589,7
316,0.315673262,9.981548309,41,41,41,41,-2.013325949,2.942333463,4546396.481,-88818.83838,7
317,0.410063148,9.813138008,41,41,41,41,-2.013325949,2.899666388,4546396.715,-88818.83559,7
318,-0.221586183,9.082415581,41,41,41,41,-2.01197759,2.899666388,4546396.722,-88819.36809,7
319,0.07538604,9.383560181,41,41,41,41,-2.01197759,2.952812887,4546396.967,-88819.36516,7
320,0.127032727,10.02094841,41,41,41,41,-2.009918567,2.952812887,4546396.974,-88819.90611,7
321,-0.036069516,9.867058754,41,41,41,41,-2.009918567,2.951880645,4546397.22,-88819.90319,7
322,0.142599955,9.449570656,41,41,41,41,-2.009830017,2.951880645,4546397.226,-88820.43568,7
323,0.023770368,9.673629761,41,41,41,41,-2.009830017,2.956184248,4546397.472,-88820.43276,7
324,0.065619476,9.782424927,41,41,41,41,-2.007554746,2.956184248,4546397.478,-88820.98215,7
325,0.22287862,9.864121437,41,41,41,41,-2.007554746,2.999974357,4546397.724,-88820.97923,7
326,-0.012298798,9.540390015,41,41,41,41,-2.007094152,2.999974357,4546397.731,-88821.53708,7
327,0.128814861,9.738654137,41,41,41,41,-2.007094152,3.009570906,4546397.965,-88821.53429,7
328,0.169427395,9.625921249,41,41,41,41,-2.004286781,3.009570906,4546397.972,-88822.08368,7
329,0.04200596,9.901967049,41,41,41,41,-2.004286781,3.013164568,4546398.218,-88822.08076,7
330,-0.068175629,9.511063576,41,41,41,41,-2.001224811,3.013164568,4546398.224,-88822.63861,7
331,0.507276952,10.20798683,41,41,41,41,-2.001224811,3.025024878,4546398.47,-88822.63569,7
332,-0.607905149,9.823253632,41,41,41,41,-2.001433603,3.025024878,4546398.477,-88823.18509,7
333,-0.045835178,10.40066147,41,41,41,41,-2.001433603,3.019433918,4546398.733,-88823.18203,7
334,0.193950742,10.28633022,41,41,41,41,-1.998956464,3.019433918,4546398.74,-88823.73988,7
335,0.006941389,10.26698494,41,41,41,41,-1.998956464,3.0702995,4546398.986,-88823.73696,7
336,0.559362888,9.90059185,41,41,41,41,-1.998438346,3.0702995,4546398.993,-88824.30326,7
337,-0.017843967,9.643806458,41,41,41,41,-1.998438346,3.0440378,4546399.473,-88824.29755,7
338,-0.178327397,9.250777245,41,41,41,41,-1.996787319,3.0440378,4546399.48,-88824.85539,7
339,-0.186921552,9.320784569,41,41,41,41,-1.996787319,3.095299186,4546399.737,-88824.85234,7
340,0.292170674,9.82947731,41,41,41,41,-1.995104068,3.095299186,4546399.743,-88825.42709,7
341,0.24299033,10.72478962,41,41,41,41,-1.995104068,3.130513859,4546399.989,-88825.42417,7
342,-0.040076308,10.52678776,41,41,41,41,-1.992876467,3.130513859,4546399.996,-88825.99047,7
343,-0.422496885,10.45840931,41,41,41,41,-1.992876467,3.048509196,4546400.242,-88825.98755,2
344,-0.125821456,10.01875973,41,41,41,41,-1.995705143,3.048509196,4546400.248,-88826.55385,2
345,-0.585003734,9.126437187,41,41,41,41,-1.995705143,3.128680167,4546400.494,-88826.55093,2
346,-0.156402543,9.725788116,41,41,41,41,-1.988107944,3.128680167,4546400.501,-88827.13413,2
347,0.244591638,10.18728542,41,41,41,41,-1.988107944,3.236436052,4546400.747,-88827.13121,2
348,0.229001775,10.03225422,41,41,41,41,-1.991097475,3.236436052,4546400.754,-88827.71441,2
349,-0.608484685,9.600179672,39,41,39,41,-1.991097475,3.24351952,4546401.011,-88827.71136,2
350,-0.342452377,9.054292679,37,41,37,41,-1.988903696,3.24351952,4546401.018,-88828.29456,2
351,0.41146335,9.53871727,35,41,35,41,-1.988903696,3.191325849,4546401.275,-88828.29151,2
352,0.162601367,10.14918709,35,35,35,35,-1.983964465,3.191325849,4546401.282,-88828.88317,2
353,-0.404280722,10.54084873,35,35,34,35,-1.983964465,3.271775888,4546401.527,-88828.88024,2
354,-0.128669783,10.01533508,30,35,32,35,-1.987516722,3.271775888,4546401.535,-88829.4719,2
355,-0.928626478,9.712217331,28,35,28,35,-1.987516722,3.154778879,4546401.78,-88829.46898,2
356,-0.440996528,9.492191315,28,35,26,28,-1.986341336,3.154778879,4546401.787,-88830.06064,2
357,-0.150717542,9.836668968,26,35,26,26,-1.986341336,3.272158134,4546401.787,-88830.06064,2
358,-0.061168868,10.78837967,26,35,26,26,-1.984437043,3.272158134,4546401.794,-88830.66074,2
359,-0.664715767,10.44909,26,35,26,26,-1.984437043,3.25719283,4546402.051,-88830.65769,2
360,-0.143826619,9.78798008,26,35,26,26,-1.989432467,3.25719283,4546402.058,-88831.24935,2
361,-0.050804459,9.517271996,26,26,26,26,-1.989432467,3.158451857,4546402.315,-88831.24629,2
362,-0.527481079,9.282446861,26,26,26,26,-1.994442805,3.158451857,4546402.322,-88831.8295,2
363,-0.116441749,10.35761452,26,26,26,26,-1.994442805,3.231710602,4546402.579,-88831.82644,2
364,0.201055542,10.10643959,26,26,26,26,-2.00136982,3.231710602,4546402.586,-88832.4181,2
365,-0.014603894,10.27609539,26,26,26,26,-2.00136982,3.205193085,4546402.854,-88832.41491,2
366,-0.038224436,8.965292931,26,26,26,26,-2.007263662,3.205193085,4546402.861,-88832.98966,2
367,0.084199972,9.416449547,26,26,28,28,-2.007263662,3.09430894,4546403.118,-88832.98661,2
368,-0.374085873,9.9097929,28,28,28,28,-2.01275763,3.09430894,4546403.125,-88833.56136,2
369,0.107919633,9.472268105,28,28,28,28,-2.01275763,3.15149232,4546403.371,-88833.55844,2
370,0.244561508,9.904604912,28,28,28,28,-2.018762526,3.15149232,4546403.377,-88834.11629,2
371,-0.376110822,10.12807941,30,30,28,30,-2.018762526,3.099773338,4546403.646,-88834.1131,2
372,0.096081622,10.95421314,30,30,30,30,-2.020272006,3.099773338,4546403.652,-88834.66249,2
373,-0.520105541,9.485415459,30,30,30,30,-2.020272006,3.04409521,4546403.931,-88834.65917,2
374,0.367285311,9.736199379,30,30,28,30,-2.02888893,3.04409521,4546403.938,-88835.21702,2
375,-0.057298899,9.364924431,28,30,28,30,-2.02888893,3.092016481,4546404.206,-88835.21383,2
376,-0.31847477,9.457736969,28,30,28,30,-2.032716824,3.092016481,4546404.213,-88835.78013,2
377,0.418670505,10.1468153,28,30,28,30,-2.032716824,3.085428198,4546404.47,-88835.77708,2
378,-0.487752169,9.635676384,28,30,28,28,-2.035275989,3.085428198,4546404.476,-88836.32647,2
379,0.195447907,10.38323402,28,28,28,28,-2.035275989,3.053919804,4546404.476,-88836.32647,2
380,-0.222771153,10.28612232,30,30,30,28,-2.037332482,3.053919804,4546404.762,-88836.85564,2
381,-0.126446411,9.680027008,30,30,30,28,-2.037332482,3.015927766,4546405.041,-88836.85232,2
382,0.016400019,9.556677818,30,30,30,28,-2.037621035,3.015927766,4546405.048,-88837.40172,2
383,0.435263395,9.317868233,30,30,30,28,-2.037621035,3.008559708,4546405.305,-88837.39866,2
384,0.132420421,9.448945999,30,30,30,28,-2.038552875,3.008559708,4546405.305,-88837.39866,2
385,0.14446412,9.356548309,30,30,30,28,-2.038552875,2.997738037,4546405.562,-88837.39561,2
386,0.567920923,9.888352394,30,30,30,28,-2.037381617,2.997738037,4546405.574,-88838.46904,2
387,-0.11909917,10.00985432,30,30,30,28,-2.037381617,2.982432294,4546405.854,-88838.46572,2
388,0.3864384,9.641136169,30,32,32,28,-2.037381617,2.982432294,4546405.854,-88838.46572,2
389,0.313072234,9.670600891,30,32,32,32,-2.037381617,2.976063578,4546406.122,-88838.46253,-2
390,0.199460432,9.335433006,32,32,32,32,-2.038883241,2.976063578,4546406.128,-88838.99502,-2
391,-0.124956064,9.472600937,32,32,32,32,-2.038883241,2.95686048,4546406.385,-88838.99197,-14
392,0.223895088,9.378077507,32,32,32,32,-2.036184393,2.95686048,4546406.391,-88839.52446,-14
393,-0.394637734,10.01694298,32,32,32,32,-2.036184393,2.932693377,4546406.648,-88839.5214,-14
394,-0.067250632,10.18997574,32,32,32,32,-2.031490439,2.932693377,4546406.655,-88840.05389,-14
395,-0.25869903,10.35856438,32,32,32,32,-2.031490439,2.944305242,4546406.912,-88840.05084,-14
396,-0.527482986,10.1000843,32,32,32,32,-2.031490439,2.944305242,4546406.918,-88840.58333,-14
397,0.227275476,10.23776627,32,32,32,32,-2.031490439,2.944305242,4546406.918,-88840.58333,-14
398,-0.90121907,10.04983139,32,32,32,32,-2.019299286,2.944305242,4546406.931,-88841.64831,-14
399,-0.234202191,9.556945801,32,32,32,32,-2.019299286,2.944722281,4546407.444,-88841.6422,-14
400,-0.295574307,9.087348938,32,32,32,32,-2.019299286,2.944722281,4546407.444,-88841.6422,-93
401,0.76590538,10.03276253,32,32,32,32,-2.019299286,2.924672558,4546407.914,-88841.63662,-93
402,-0.133305535,9.283599854,32,32,32,32,-2.007589766,2.924672558,4546407.926,-88842.71005,-93
403,0.711231291,9.270730019,32,32,32,32,-2.007589766,2.915638747,4546408.15,-88842.7074,-93
404,-0.058177192,10.03178501,32,32,32,32,-1.989152702,2.915638747,4546408.156,-88843.24834,-93
405,0.176045999,9.781259537,34,34,34,32,-1.989152702,2.949541394,4546408.369,-88843.24582,-93
406,0.012845197,9.778510094,34,34,34,32,-1.965009149,2.949541394,4546408.375,-88843.79521,-93
407,-0.471102566,9.775456429,34,34,34,32,-1.965009149,2.949541394,4546408.375,-88843.79521,-93
408,-0.002686123,9.373963356,32,34,32,32,-1.909618062,2.949541394,4546408.382,-88844.36151,-93
409,-0.013191726,10.31463909,32,34,32,32,-1.909618062,2.973548615,4546408.549,-88844.35952,-93
410,-0.193940416,9.76035881,30,34,30,32,-1.870669997,2.973548615,4546408.556,-88844.92582,-93
411,-0.038850658,9.760544777,30,30,30,32,-1.870669997,2.919644706,4546408.713,-88844.92396,-93
412,-0.14443022,9.889997482,30,28,30,28,-1.831333909,2.919644706,4546408.719,-88845.48181,-93
413,0.088950835,9.987080574,28,28,28,28,-1.831333909,2.91654016,4546408.864,-88845.48008,-93
414,-0.636732817,8.74349308,30,30,30,30,-1.78411047,2.91654016,4546408.871,-88846.05483,-93
415,0.57208854,10.34103584,30,30,30,30,-1.78411047,2.942301355,4546408.994,-88846.05337,-93
416,-0.234079242,9.803244591,30,30,30,30,-1.725501219,2.942301355,4546409.001,-88846.63657,-93
417,0.647611856,10.66322327,30,30,30,30,-1.725501219,2.914180873,4546409.079,-88846.63564,-93
418,-0.698513448,9.613290787,30,30,30,30,-1.669192939,2.914180873,4546409.086,-88847.2104,-93
419,-0.529303253,9.573955536,30,30,30,30,-1.669192939,2.817581155,4546409.109,-88847.21013,-93
420,-0.349641979,9.942050934,30,30,30,30,-1.607678445,2.817581155,4546409.115,-88847.77643,-93
421,-0.124677971,9.832261086,30,30,30,30,-1.607678445,2.864778287,4546409.115,-88847.77643,-93
422,-0.227498263,8.952310562,32,30,32,30,-1.5410877,2.864778287,4546409.122,-88848.35118,-93
423,-0.589094341,10.14331818,32,30,32,30,-1.5410877,2.846006319,4546409.089,-88848.35158,-93
424,0.285815328,10.66046906,34,30,34,30,-1.479917286,2.846006319,4546409.095,-88848.90098,-93
425,-0.436610371,9.747302055,34,30,34,30,-1.479917286,2.794500163,4546409.039,-88848.90164,-93
426,-0.112734199,9.650710106,34,34,34,30,-1.422761322,2.794500163,4546409.046,-88849.43413,-93
427,-0.039811242,9.813080788,34,34,35,30,-1.422761322,2.756961999,4546408.923,-88849.43559,-93
428,-0.511525273,9.486902237,35,34,35,30,-1.36322023,2.756961999,4546408.929,-88849.96808,-93
429,-0.084656782,10.10802937,35,34,35,30,-1.36322023,2.786186384,4546408.795,-88849.96968,-93
430,0.022407036,10.20109272,35,34,32,35,-1.311078333,2.786186384,4546408.802,-88850.49372,-93
431,-0.088780731,10.587183,30,34,32,35,-1.311078333,2.810846912,4546408.623,-88850.49584,-93
432,-0.833736777,9.588258743,23,23,23,35,-1.246844884,2.810846912,4546408.629,-88851.01143,-93
433,-0.492732137,9.666027069,17,23,17,35,-1.246844884,2.796515405,4546408.193,-88851.01661,-93
434,-0.336667925,9.684475899,17,23,17,35,-1.191151262,2.796515405,4546408.199,-88851.52374,-93
435,-0.547099471,9.600800514,17,17,17,17,-1.191151262,2.840849487,4546408.199,-88851.52374,-93
436,-0.779168904,9.070811272,17,17,17,17,-1.191151262,2.840849487,4546408.199,-88851.52374,-93
437,0.247750193,9.969248772,17,17,17,17,-1.191151262,2.840849487,4546408.199,-88851.52374,-93
438,-0.654535472,9.529338837,17,17,17,17,-1.085593077,2.840849487,4546408.199,-88851.52374,-93
439,-0.380394131,10.0717392,19,17,17,17,-1.085593077,2.765358694,4546407.652,-88851.53025,-93
440,-0.298376977,9.962697029,17,17,17,17,-1.085593077,2.765358694,4546407.664,-88852.51071,-93
441,-0.95677036,9.562192917,19,17,19,17,-1.085593077,2.70648441,4546407.362,-88852.5143,-93
442,-0.729114354,9.78151226,19,17,19,17,-0.986343921,2.70648441,4546407.368,-88852.97917,-221
443,-0.126825795,9.50326252,21,17,21,17,-0.986343921,2.710198042,4546407.044,-88852.98303,-221
444,-0.041600641,10.05604744,21,21,21,17,-0.933840166,2.710198042,4546407.049,-88853.41409,-221
445,-0.030919703,10.43487549,21,21,21,17,-0.933840166,2.694452285,4546406.714,-88853.41808,-221
446,-0.650158346,9.636746407,21,21,21,17,-0.879259944,2.694452285,4546406.719,-88853.84069,-221
447,-0.596395791,9.134028435,21,21,21,17,-0.879259944,2.614313965,4546406.373,-88853.84481,-221
448,-0.394817859,10.05576515,21,21,21,17,-0.82522121,2.614313965,4546406.382,-88854.62241,-221
449,-0.188712969,9.668911934,19,21,21,17,-0.82522121,2.699420715,4546406.002,-88854.62693,-221
450,-0.209410116,9.948969841,19,19,19,17,-0.77197177,2.699420715,4546406.007,-88854.99038,-221
451,-0.389862746,9.469296455,19,19,19,17,-0.77197177,2.631468057,4546405.605,-88854.99516,-221
452,0.43291676,10.04563808,19,19,19,17,-0.713699009,2.631468057,4546405.609,-88855.33325,-221
453,-0.690255225,10.34358597,19,19,19,17,-0.713699009,2.582806845,4546405.218,-88855.3379,-221
454,-0.358438551,9.759614944,19,19,19,17,-0.645916899,2.582806845,4546405.221,-88855.62528,-221
455,-0.76328665,8.914410591,19,19,19,17,-0.645916899,2.578935166,4546404.786,-88855.63046,-221
456,0.367414802,9.70320034,19,19,19,17,-0.578066678,2.578935166,4546404.789,-88855.88402,-221
457,-0.584397674,9.5891819,19,19,19,17,-0.578066678,2.499740273,4546404.342,-88855.88934,-221
458,-0.534170151,10.37551594,19,25,23,17,-0.506973094,2.499740273,4546404.344,-88856.08374,-221
459,0.625356615,10.18129635,19,23,23,21,-0.506973094,2.417289609,4546403.886,-88856.08919,-221
460,-0.386859775,9.616415977,19,23,23,23,-0.435333694,2.417289609,4546403.888,-88856.24978,-323
461,0.003646819,9.969221115,23,23,23,23,-0.435333694,2.315970262,4546403.441,-88856.2551,-323
462,-0.321739405,9.447227478,23,23,23,23,-0.435333694,2.315970262,4546403.441,-88856.2551,-324
463,-0.108834736,9.987699509,23,23,23,23,-0.435333694,2.297742373,4546402.994,-88856.26041,-324
464,-0.162971556,10.32946587,23,23,23,23,-0.359836673,2.297742373,4546402.996,-88856.4041,-324
465,-0.293007374,9.652017593,23,23,25,23,-0.359836673,2.232956551,4546402.08,-88856.41499,-324
466,-0.312191188,9.805142403,23,25,23,23,-0.287241331,2.232956551,4546402.082,-88856.56713,-324
467,-0.415564626,10.09758377,23,25,25,23,-0.287241331,2.232956551,4546402.082,-88856.56713,-324
468,-0.581125617,10.08430862,26,25,26,23,-0.148102683,2.232956551,4546402.083,-88856.60939,-324
469,0.673550487,10.79164505,26,26,25,23,-0.148102683,2.198631124,4546401.636,-88856.61471,-324
470,-0.701592386,9.412570953,26,26,26,23,-0.087206616,2.198631124,4546401.636,-88856.62316,-324
471,-0.50204438,9.259171486,26,26,26,23,-0.087206616,2.173147251,4546400.776,-88856.63339,-324
472,-0.586437941,9.717948914,26,26,26,23,-0.021132656,2.173147251,4546400.775,-88856.59113,-324
473,-0.069695711,9.064897537,26,26,26,23,-0.021132656,2.08959638,4546400.362,-88856.59605,-324
474,0.346210957,9.544082642,26,26,26,23,0.046395995,2.08959638,4546400.361,-88856.53688,-324
475,-0.251916468,10.34609985,26,26,26,23,0.046395995,2.027052013,4546399.97,-88856.54153,-324
476,-0.362138629,9.867242813,26,26,26,23,0.114453609,2.027052013,4546399.97,-88856.48237,-324
477,0.043965366,9.978052139,26,26,26,23,0.114453609,2.027052013,4546399.97,-88856.48237,-324
478,-0.094827361,9.917570114,28,26,28,23,0.174181921,2.027052013,4546399.969,-88856.39784,-324
479,-0.251305878,9.952424049,28,28,28,23,0.174181921,1.981038037,4546399.589,-88856.40236,-324
480,-0.018516134,9.973917961,30,30,30,23,0.238335341,1.981038037,4546399.587,-88856.26713,-324
481,-0.31259194,9.666800499,30,30,30,23,0.238335341,1.914629806,4546399.219,-88856.27151,-324
482,-0.229631767,9.853041649,30,34,30,34,0.297600795,1.914629806,4546399.217,-88856.13627,-324
483,-0.142155692,9.92702961,34,34,30,34,0.297600795,1.84732225,4546398.86,-88856.14053,-324
484,-0.076718338,9.86093235,34,37,35,37,0.358566411,1.84732225,4546398.858,-88855.99684,-324
485,0.196598113,9.738808632,39,39,39,39,0.358566411,1.837959482,4546398.523,-88856.00082,-324
486,-0.017918682,9.885020256,39,39,39,39,0.416031569,1.837959482,4546398.521,-88855.82333,-324
487,-0.068429731,9.533015251,43,39,43,39,0.416031569,1.812250619,4546398.197,-88855.82718,-324
488,0.282631606,9.32311058,43,39,43,43,0.473033869,1.812250619,4546398.194,-88855.63278,-324
489,0.08530169,9.595504761,43,39,43,43,0.473033869,1.823761613,4546397.882,-88855.6365,-324
490,0.160207838,9.884729385,44,39,46,43,0.473033869,1.823761613,4546397.882,-88855.6365,-324
491,0.173650816,10.22668934,46,39,46,43,0.473033869,1.802810584,4546397.58,-88855.64009,-324
492,0.328602374,10.10364056,46,46,46,43,0.527901911,1.802810584,4546397.578,-88855.44568,-324
493,0.29750976,10.25398636,46,46,46,43,0.527901911,1.872397709,4546396.997,-88855.45259,-324
494,0.135246143,9.758883476,46,46,46,43,0.625803441,1.872397709,4546396.991,-88854.98772,-324
495,0.088797845,9.710041046,46,46,46,43,0.625803441,1.943704528,4546396.712,-88854.99104,-324
496,-0.082752243,9.53308773,46,46,46,43,0.670647878,1.943704528,4546396.709,-88854.73747,-324
497,0.449504495,10.33715153,46,46,46,43,0.670647878,1.943704528,4546396.709,-88854.73747,-324
498,-0.033357069,9.898755074,46,46,46,43,0.703501699,1.943704528,4546396.706,-88854.47545,-324
499,0.638815105,9.71091938,46,46,46,43,0.703501699,1.946316772,4546396.416,-88854.47891,-324
500,-0.06765046,9.353212357,46,46,46,43,0.739000038,1.946316772,4546396.412,-88854.20844,-324
501,0.830071151,9.506088257,46,46,46,43,0.739000038,1.948011153,4546396.133,-88854.21176,-324
502,0.322980732,9.621718407,46,46,46,43,0.764923781,1.948011153,4546396.13,-88853.94129,-324
503,0.581821144,9.777988434,46,46,46,43,0.764923781,2.005890175,4546395.84,-88853.94474,-324
504,0.391415566,9.579240799,46,46,46,46,0.782789331,2.005890175,4546395.836,-88853.64891,-324
505,-0.101998158,9.281328201,46,46,46,46,0.782789331,2.047466505,4546395.557,-88853.65223,-324
506,0.534519792,9.433841705,46,46,46,46,0.811363984,2.047466505,4546395.553,-88853.3395,-324
507,0.233915329,9.416343689,46,46,46,46,0.811363984,2.081465786,4546395.274,-88853.34282,-157
508,0.108762428,9.925337791,48,46,46,46,0.83909548,2.081465786,4546395.27,-88853.03009,-157
509,0.242783934,9.779241562,48,46,48,46,0.83909548,2.076733097,4546395.002,-88853.03328,-157
510,0.418083251,9.780092239,46,48,46,46,0.864325736,2.076733097,4546394.998,-88852.70364,-157
511,0.109261639,9.561199188,46,46,46,46,0.864325736,2.162948626,4546394.73,-88852.70683,-157
512,-0.017805031,9.831988335,46,46,46,46,0.895288712,2.162948626,4546394.726,-88852.35183,-157
513,0.347544551,9.343773842,46,46,48,46,0.895288712,2.180218308,4546394.469,-88852.35489,-157
514,-0.175180092,9.825062752,46,48,48,46,0.920171691,2.180218308,4546394.465,-88851.99989,-157
515,0.122616343,9.537527084,46,46,46,46,0.920171691,2.22306543,4546394.196,-88852.00308,-157
516,0.12913245,10.07078838,48,46,46,46,0.941310266,2.22306543,4546394.192,-88851.63118,-157
517,0.2868312,10.20203304,46,46,46,46,0.941310266,2.283884955,4546393.935,-88851.63424,-157
518,0.112442024,9.779022217,46,46,46,46,0.9611636,2.283884955,4546393.931,-88851.25389,-157
519,-0.091737695,9.500961304,46,46,46,46,0.9611636,2.286892136,4546393.674,-88851.25694,-157
520,0.053248465,10.00775337,46,46,46,46,0.978376675,2.286892136,4546393.669,-88850.86814,-157
521,0.394108802,9.868266106,46,46,46,46,0.978376675,2.367538942,4546393.412,-88850.8712,-157
522,-0.087219723,9.84233284,46,46,48,46,0.992308736,2.367538942,4546393.407,-88850.46549,-157
523,0.076854639,9.981838226,46,46,46,46,0.992308736,2.420481606,4546393.15,-88850.46854,-157
524,0.219697103,9.446811676,48,46,46,46,1.002850593,2.420481606,4546393.145,-88850.05438,-157
525,-0.128947362,9.851790428,46,46,46,46,1.002850593,2.445309213,4546392.888,-88850.05744,-157
526,0.348398715,9.576016426,46,46,46,46,1.015437225,2.445309213,4546392.883,-88849.63483,-157
527,0.139565781,10.3777771,46,46,46,46,1.015437225,2.507831962,4546392.626,-88849.63788,-157
528,0.153637737,9.46914196,46,46,46,46,1.022246928,2.507831962,4546392.621,-88849.20682,-157
529,0.385620981,9.732089996,46,44,46,44,1.022246928,2.526395867,4546392.364,-88849.20987,-157
530,0.126804695,9.582658768,46,44,44,44,1.033979217,2.526395867,4546392.359,-88848.77036,-157
531,0.238048226,10.03321552,46,46,44,46,1.033979217,2.570893408,4546392.359,-88848.77036,-39
532,0.501016617,10.14950562,46,46,46,46,1.041251778,2.570893408,4546392.354,-88848.31393,-39
533,-0.045410056,9.499560356,46,46,46,46,1.041251778,2.625380259,4546391.84,-88848.32005,-39
534,0.256508231,9.31274128,46,46,46,46,1.041251778,2.625380259,4546391.834,-88847.86362,-39
535,0.067950763,9.966496468,46,46,46,46,1.041251778,2.634755166,4546391.578,-88847.86668,-39
536,-0.028726043,10.07949543,46,46,46,46,1.057552454,2.634755166,4546391.572,-88847.4018,-39
537,-0.101090491,9.811620712,46,46,46,46,1.057552454,2.701632647,4546391.315,-88847.40486,-39
538,0.304670542,9.842865944,44,46,43,46,1.063785316,2.701632647,4546391.309,-88846.92308,-39
539,0.408432156,9.500185966,41,41,41,46,1.063785316,2.724064557,4546391.041,-88846.92627,-39
540,0.538885176,9.733435631,41,41,41,46,1.068740394,2.724064557,4546391.036,-88846.45294,-39
541,0.379501104,10.0471096,41,41,41,46,1.068740394,2.747071678,4546391.036,-88846.45294,-39
542,-0.188674212,9.514519691,37,41,39,46,1.068740394,2.747071678,4546390.768,-88846.45613,-39
543,0.028865563,9.459836006,37,41,37,37,1.068740394,2.747071678,4546390.768,-88846.45613,-39
544,-0.430116862,9.403119087,37,41,37,37,1.076976486,2.747071678,4546390.768,-88846.45613,-39
545,0.133838743,10.11932659,37,37,37,37,1.076976486,2.824628268,4546390.22,-88846.46264,-39
546,0.066170581,10.47655106,39,39,39,37,1.082984045,2.824628268,4546390.209,-88845.49063,-39
547,0.142783359,9.969447136,39,39,39,37,1.082984045,2.827748918,4546389.94,-88845.49382,-39
548,-0.292623401,9.298991203,39,39,39,37,1.085466643,2.827748918,4546389.929,-88844.49646,-39
549,0.092060544,10.11496735,39,39,39,39,1.085466643,2.822177879,4546389.929,-88844.49646,-39
550,-0.33890897,9.368366241,39,39,39,39,1.085466643,2.822177879,4546389.649,-88844.49978,-39
551,0.256991655,9.39449501,39,39,39,39,1.085466643,2.909116205,4546389.392,-88844.50283,-39
552,0.069521017,9.845877647,39,39,39,39,1.091216408,2.909116205,4546389.386,-88843.98724,-39
553,0.080166303,10.18947506,39,39,39,39,1.091216408,2.886033036,4546388.817,-88843.99402,-39
554,-0.065508328,9.986093521,39,39,39,39,1.093518977,2.886033036,4546388.804,-88842.96284,-39
555,-0.152419657,9.562630653,39,39,39,39,1.093518977,2.936013506,4546388.536,-88842.96603,-39
556,0.201035559,9.369192123,39,39,39,39,1.095619146,2.936013506,4546388.53,-88842.45044,-39
557,0.213742077,9.803909302,37,39,39,39,1.095619146,2.936013506,4546388.53,-88842.45044,-39
558,-0.18488349,9.664195061,37,39,37,39,1.103464819,2.936013506,4546388.524,-88841.91795,-39
559,0.262426734,10.0274086,37,37,37,39,1.103464819,2.971549814,4546388.256,-88841.92114,-39
560,-0.289337844,9.317195892,37,37,37,39,1.107174602,2.971549814,4546388.249,-88841.3802,-39
561,0.409189433,9.816624641,37,37,37,39,1.107174602,2.988722426,4546387.981,-88841.38338,-39
562,-0.308959931,9.955097198,37,37,37,39,1.112334743,2.988722426,4546387.981,-88841.38338,-39
563,-0.346048027,9.743710518,37,37,37,39,1.112334743,3.010609876,4546387.713,-88841.38657,-39
564,-0.294314682,9.778636932,37,37,37,39,1.115298309,3.010609876,4546387.706,-88840.84563,-39
565,-0.14768526,9.65199852,37,37,37,39,1.115298309,3.010878968,4546387.438,-88840.84882,-39
566,-0.103081629,9.407118797,37,37,37,39,1.117150804,3.010878968,4546387.432,-88840.31632,-39
567,-0.529007018,9.709152222,37,37,37,39,1.117150804,3.053376813,4546387.164,-88840.31951,-39
568,0.146766737,10.24543095,37,37,37,39,1.118985189,3.053376813,4546387.157,-88839.77012,-39
569,0.449835747,10.32558727,37,35,37,39,1.118985189,3.040783367,4546386.9,-88839.77317,-39
570,0.145640105,9.08975029,37,37,37,39,1.118985189,3.040783367,4546386.894,-88839.22377,-39
571,0.209369838,9.191479683,35,37,35,39,1.118985189,3.087925629,4546386.358,-88839.23015,-39
572,0.173984423,10.08685493,35,37,35,39,1.116422695,3.087925629,4546386.345,-88838.13136,-39
573,-0.040518906,10.0624752,35,37,35,39,1.116422695,3.08204311,4546386.099,-88838.13428,-39
574,0.119612597,10.48424816,34,37,34,34,1.116422695,3.08204311,4546386.092,-88837.57643,-39
575,-0.152813911,9.840843201,34,34,34,34,1.116422695,3.069313475,4546385.858,-88837.57922,-39
576,0.207844213,10.39024735,34,34,34,34,1.116095659,3.069313475,4546385.851,-88837.02137,-39
577,0.048765652,9.59595871,34,34,35,34,1.116095659,3.069313475,4546385.851,-88837.02137,-39
578,-0.160494223,9.197657585,35,35,35,35,1.111124603,3.069313475,4546385.844,-88836.47197,-39
579,0.174833059,9.597019196,35,35,35,35,1.111124603,3.060441926,4546385.588,-88836.47503,-39
580,-0.283033997,9.933505058,35,35,35,35,1.111124603,3.060441926,4546385.588,-88836.47503,-39
581,0.076106429,9.902574539,35,35,35,35,1.111124603,3.084620557,4546385.588,-88836.47503,-39
582,-0.240019754,9.716575623,35,35,35,35,1.10828514,3.084620557,4546385.313,-88835.92882,-39
583,0.130249515,10.30624008,35,35,35,35,1.10828514,3.054917002,4546385.045,-88835.93201,-39
584,-0.041837532,9.974265099,35,35,35,35,1.103754571,3.054917002,4546385.038,-88835.38261,-39
585,-0.259343892,10.13532162,35,35,35,35,1.103754571,3.079175637,4546384.781,-88835.38567,-39
586,-0.20435451,8.872050285,35,35,35,35,1.100895934,3.079175637,4546384.775,-88834.83627,-39
587,-0.186906159,9.496152878,35,35,35,35,1.100895934,3.040583716,4546384.518,-88834.83932,-39
588,-0.018307235,9.804395676,35,35,35,35,1.099132921,3.040583716,4546384.505,-88833.74053,-39
589,-0.350515485,9.581812859,35,35,35,35,1.099132921,3.069615747,4546384.225,-88833.74385,-39
590,0.215513006,10.27888298,35,35,35,35,1.098219989,3.069615747,4546384.219,-88833.20291,-39
591,-0.221543491,10.42524624,35,35,35,35,1.098219989,3.037703105,4546383.929,-88833.20636,-39
592,-0.456447959,10.49124813,35,35,35,35,1.0915264,3.037703105,4546383.922,-88832.66541,-39
593,0.045172326,9.711483955,35,35,35,35,1.0915264,3.013534555,4546383.922,-88832.66541,-39
594,-0.374051988,9.323045731,35,35,35,35,1.089137545,3.013534555,4546383.659,-88832.11062,-39
595,-0.472382843,9.027510643,35,35,35,35,1.089137545,3.059106458,4546383.402,-88832.11368,-39
596,0.414156318,9.962644577,35,35,35,35,1.091966354,3.059106458,4546383.395,-88831.57273,-39
597,0.545542121,9.64209938,35,35,35,35,1.091966354,3.061482581,4546383.395,-88831.57273,-39
598,0.231655478,9.818453789,35,35,35,35,1.090687504,3.061482581,4546383.109,-88831.03511,-39
599,0.108213425,9.670394897,35,35,35,35,1.090687504,2.992651172,4546382.83,-88831.03843,-39
600,-0.048079945,10.36196136,35,35,35,35,1.087524734,2.992651172,4546382.824,-88830.49748,-39
601,-0.210224122,10.0610323,35,35,35,35,1.087524734,3.002127487,4546382.556,-88830.50067,-12
602,0.148817658,9.758309364,35,35,35,35,1.089767649,3.002127487,4546382.549,-88829.95127,-12
603,0.19508262,9.020617485,35,35,35,35,1.089767649,3.080367439,4546382.292,-88829.95433,-12
604,-0.033271708,9.823921204,35,35,35,35,1.088275746,3.080367439,4546382.286,-88829.41338,-12
605,0.144669682,9.813844681,35,35,35,35,1.088275746,3.045286049,4546382.006,-88829.4167,-12
606,0.605155528,9.473417282,35,35,35,35,1.08991572,3.045286049,4546382,-88828.86731,-12
607,0.574938476,9.407448769,35,35,35,35,1.08991572,3.036924,4546381.721,-88828.87063,-12
608,0.304950416,8.871184349,35,35,35,35,1.090442494,3.036924,4546381.714,-88828.32968,-12
609,0.189802647,10.23579407,35,35,35,35,1.090442494,3.04499572,4546381.446,-88828.33287,-12
610,-0.324007094,9.928619385,35,35,35,35,1.090857947,3.04499572,4546381.44,-88827.78347,-12
611,0.053140208,9.289263725,35,35,35,35,1.090857947,3.071314172,4546381.171,-88827.78666,-12
612,0.920471609,9.631263733,35,35,35,35,1.093031086,3.071314172,4546381.165,-88827.22881,-12
613,-0.446334213,9.363006592,35,35,35,35,1.093031086,3.080698784,4546380.886,-88827.23213,-12
614,0.433940381,10.09175015,35,35,35,35,1.095235651,3.080698784,4546380.879,-88826.68273,-12
615,-0.374293774,9.941378593,35,35,35,35,1.095235651,3.068661606,4546380.611,-88826.68592,-12
616,-0.593898416,10.04914379,35,35,35,35,1.097243142,3.068661606,4546380.604,-88826.12807,-12
617,-0.123065308,9.531669617,35,35,35,35,1.097243142,3.090357727,4546380.325,-88826.13139,-12
618,0.29404062,10.45701504,34,35,34,35,1.098998165,3.090357727,4546380.318,-88825.57354,-12
619,-0.16650179,9.893541336,34,35,34,35,1.098998165,3.126396837,4546380.05,-88825.57673,-12
620,-0.027245939,9.79715538,34,35,34,35,1.098998165,3.126396837,4546380.044,-88825.01888,-12
621,-0.765126407,9.697893143,34,34,34,35,1.102437371,3.088556777,4546379.775,-88825.02207,-12
622,-0.193409875,10.12773323,34,34,34,35,1.105819053,3.088556777,4546379.769,-88824.45577,-12
623,-0.285181493,9.446708679,34,34,34,35,1.105819053,3.14491031,4546379.501,-88824.45895,-12
624,0.014492018,10.11088181,34,34,34,34,1.110325654,3.14491031,4546379.494,-88823.89265,-12
625,-0.041660625,10.18559742,34,34,34,34,1.110325654,3.145677581,4546379.215,-88823.89597,-20
626,0.33495006,10.16565323,34,34,34,34,1.112683617,3.145677581,4546379.208,-88823.32967,-20
627,-0.115510032,8.5750103,34,34,34,34,1.112683617,3.120912015,4546378.94,-88823.33286,-20
628,0.355838507,9.543032646,34,34,34,34,1.114784851,3.120912015,4546378.933,-88822.76656,-20
629,-0.246409386,9.751066208,34,34,34,34,1.114784851,3.151594842,4546378.665,-88822.76974,-20
630,-0.403241307,10.17544746,34,34,34,34,1.119266419,3.151594842,4546378.658,-88822.19499,-20
631,0.131045759,9.591454506,34,34,34,34,1.119266419,3.192085946,4546378.39,-88822.19818,-20
632,-0.357587636,9.863573074,34,34,34,34,1.121163655,3.192085946,4546378.383,-88821.62342,-20
633,-0.299898803,9.189391136,34,34,34,34,1.121163655,3.177877134,4546378.115,-88821.62661,-20
634,0.559574664,10.12691116,34,34,34,34,1.12326915,3.177877134,4546378.108,-88821.0434,-20
635,-0.030027106,9.616618156,34,34,34,34,1.12326915,3.189429149,4546377.829,-88821.04672,-20
636,0.011976164,9.176562309,34,34,34,34,1.125000205,3.189429149,4546377.822,-88820.47197,-20
637,-0.299207419,9.681573868,34,34,34,34,1.125000205,3.178943007,4546377.554,-88820.47516,-20
638,-0.12873514,10.21386051,34,34,34,34,1.128140604,3.178943007,4546377.547,-88819.8835,-20
639,0.133542985,10.38641453,34,34,34,34,1.128140604,3.27287697,4546377.29,-88819.88655,-20
640,-0.166810662,9.605689049,34,34,34,34,1.129064188,3.27287697,4546377.283,-88819.28644,-20
641,-0.044732366,10.54494095,34,34,34,34,1.129064188,3.229411023,4546377.026,-88819.2895,-20
642,0.057810526,9.450238228,34,34,34,34,1.126447366,3.229411023,4546377.019,-88818.70629,-20
643,-0.352151811,8.865405083,32,34,32,34,1.126447366,3.225111787,4546376.751,-88818.70948,-20
644,0.157320529,9.215058327,32,34,32,34,1.127329938,3.225111787,4546376.751,-88818.70948,-20
645,-0.209791958,9.890353203,32,34,32,34,1.127329938,3.271869382,4546376.46,-88818.71293,-20
646,0.05680545,10.50966358,32,34,32,32,1.125344285,3.271869382,4546376.446,-88817.52961,-20
647,-0.052220084,9.695358276,32,32,32,32,1.125344285,3.257440358,4546376.167,-88817.53293,-20
648,-0.318678379,9.904155731,32,32,32,32,1.121967397,3.257440358,4546376.16,-88816.94127,-20
649,-0.399027854,9.536846161,32,32,32,32,1.121967397,3.230979188,4546375.914,-88816.9442,5
650,-0.272078604,9.822120667,32,32,32,32,1.124528292,3.230979188,4546375.907,-88816.33563,5
651,0.278973073,9.299733162,32,32,32,32,1.124528292,3.327820001,4546375.639,-88816.33882,5
652,0.177950367,10.18140697,32,32,32,32,1.123313891,3.327820001,4546375.632,-88815.73871,5
653,0.139059335,9.76607132,32,32,32,32,1.123313891,3.287249198,4546375.341,-88815.74216,5
654,-0.181126922,9.696955681,32,32,32,32,1.123597251,3.287249198,4546375.334,-88815.1505,5
655,-0.120443612,9.817656517,32,32,32,32,1.123597251,3.247599392,4546375.066,-88815.15369,5
656,0.145378456,9.668804169,32,32,32,32,1.120759387,3.247599392,4546375.059,-88814.56203,5
657,0.082944229,10.50551224,32,32,32,32,1.120759387,3.339957971,4546374.769,-88814.56548,5
658,0.005907614,10.59380913,32,32,32,32,1.115886867,3.339957971,4546374.769,-88814.56548,5
659,-0.18658638,9.037892342,32,32,32,32,1.115886867,3.285881806,4546374.489,-88814.5688,5
660,-0.240542442,9.311617851,32,32,32,32,1.116750797,3.285881806,4546374.482,-88813.96869,5
661,0.045139328,9.048185349,30,32,32,32,1.116750797,3.28832704,4546374.203,-88813.97201,5
662,-0.416455805,9.744280815,26,26,26,32,1.116006177,3.28832704,4546374.196,-88813.3719,5
663,0.268102854,10.2493372,26,26,26,32,1.116006177,3.326255306,4546373.928,-88813.37509,5
664,0.264318466,9.610713959,26,26,26,32,1.113810667,3.326255306,4546373.92,-88812.77498,5
665,0.075363599,10.86668205,26,26,26,32,1.113810667,3.292755215,4546373.619,-88812.77856,5
666,-0.633724928,9.606241226,26,26,26,32,1.113810667,3.292755215,4546373.612,-88812.17845,5
667,0.075773232,10.04285526,26,26,26,32,1.113810667,3.292755215,4546373.612,-88812.17845,5
668,-0.33318761,8.915998459,28,26,26,32,1.114337973,3.292755215,4546373.598,-88811.00358,5
669,-0.112055384,9.345223427,28,26,26,32,1.114337973,3.301955991,4546373.006,-88811.01062,5
670,-0.467830688,10.16629982,26,26,26,26,1.110982922,3.301955991,4546372.999,-88810.41051,5
671,0.043622583,10.52898788,26,26,26,26,1.110982922,3.309083483,4546372.999,-88810.41051,5
672,-0.587037385,10.13825607,26,26,26,26,1.112217564,3.309083483,4546372.723,-88809.83049,5
673,-0.110296637,10.05151081,26,26,26,26,1.112217564,3.244389232,4546372.433,-88809.83394,5
674,-0.201404214,9.533121109,26,26,28,26,1.113631702,3.244389232,4546372.426,-88809.25919,5
675,-0.447742492,8.752306938,28,26,28,28,1.113631702,3.238172358,4546372.125,-88809.26278,5
676,0.599443674,9.687117577,28,28,28,28,1.108642004,3.238172358,4546372.118,-88808.67112,5
677,0.081537642,9.840133667,28,28,28,28,1.108642004,3.279997273,4546371.849,-88808.6743,5
678,0.139943838,10.11909771,28,28,28,28,1.110230313,3.279997273,4546371.842,-88808.07419,-4
679,-0.16657339,9.85874939,28,28,28,28,1.110230313,3.229132,4546371.574,-88808.07738,-4
680,-0.275543749,10.09950542,28,28,28,28,1.111977347,3.229132,4546371.567,-88807.50262,-4
681,-0.227392495,10.0817461,28,28,28,28,1.111977347,3.255226982,4546371.567,-88807.50262,-4
682,-0.760644495,9.669643402,28,28,28,28,1.106407612,3.255226982,4546371.259,-88806.93145,-5
683,-0.16640231,10.02942562,28,28,28,28,1.106407612,3.23842358,4546370.957,-88806.93504,-5
684,-0.372742802,9.646615028,28,28,28,28,1.108804989,3.23842358,4546370.95,-88806.34338,-6
685,-0.087439239,10.05498219,28,28,28,28,1.108804989,3.222815837,4546370.693,-88806.34643,-6
686,0.254981995,9.55796051,28,28,28,28,1.105748746,3.222815837,4546370.686,-88805.77168,-8
687,-0.4805668,10.68235302,28,28,28,28,1.105748746,3.204730189,4546370.407,-88805.775,-8
688,-0.184496075,10.38918781,28,28,28,28,1.105756203,3.204730189,4546370.4,-88805.2087,-9
689,-0.694955111,9.493673325,28,28,28,28,1.105756203,3.171693565,4546370.11,-88805.21215,-9
690,-0.234731823,9.615746498,28,28,28,28,1.106922134,3.171693565,4546370.103,-88804.64585,-10
691,-0.297222346,10.1478157,28,28,28,28,1.106922134,3.200883624,4546369.813,-88804.6493,-12
692,-0.02114078,10.07777405,28,28,28,28,1.104824096,3.200883624,4546369.806,-88804.06609,-12
693,-0.416855305,9.838565826,28,28,28,28,1.104824096,3.196344632,4546369.527,-88804.06941,-12
694,-0.330026209,10.02913094,28,28,28,28,1.10421583,3.196344632,4546369.52,-88803.49466,-12
695,-0.286674768,9.915472984,28,28,28,28,1.10421583,3.148750376,4546369.252,-88803.49784,-12
696,-0.22563459,9.649188995,28,28,28,28,1.107261954,3.148750376,4546369.245,-88802.93999,-12
697,0.000570682,9.165800095,28,28,28,28,1.107261954,3.180623565,4546368.955,-88802.94345,-12
698,0.601251423,10.35879231,28,28,28,28,1.109526173,3.180623565,4546368.948,-88802.37714,-12
699,-0.107070245,9.773115158,28,28,28,28,1.109526173,3.144733986,4546368.657,-88802.3806,-12
700,0.111705899,9.075993538,28,28,28,28,1.107484594,3.144733986,4546368.651,-88801.81429,-12
701,-0.044876132,9.965994835,28,28,28,28,1.107484594,3.096359358,4546368.383,-88801.81748,-12
702,-0.443086177,10.31065655,28,28,28,28,1.109428169,3.096359358,4546368.376,-88801.25963,-16
703,-0.013518983,10.04374218,28,28,28,28,1.109428169,3.173444249,4546368.097,-88801.26295,-16
704,-0.125498265,8.810676575,28,28,28,28,1.110314469,3.173444249,4546368.09,-88800.7051,-16
705,0.609192729,10.23454094,28,28,28,28,1.110314469,3.115884333,4546367.811,-88800.70842,-17
706,-0.375218183,9.668264389,28,28,28,28,1.110277185,3.115884333,4546367.804,-88800.15057,-17
707,0.129070491,8.816188812,28,28,28,28,1.110277185,3.076561312,4546367.536,-88800.15375,-17
708,0.449099034,9.61349678,28,28,28,28,1.11418564,3.076561312,4546367.529,-88799.5959,-17
709,0.327152967,9.923014641,28,28,28,28,1.11418564,3.086446736,4546367.261,-88799.59909,-17
710,0.334885091,10.39058018,28,28,28,28,1.116967578,3.086446736,4546367.255,-88799.04124,-17
711,0.157016248,9.830647469,28,28,28,28,1.116967578,3.083112264,4546366.986,-88799.04443,-17
712,-0.678062558,9.151847839,28,28,28,28,1.119797986,3.083112264,4546366.98,-88798.49503,-15
713,0.128161058,9.789388657,28,28,28,28,1.119797986,3.044638354,4546366.712,-88798.49821,-9
714,-0.187532142,9.571657181,28,28,28,28,1.12133463,3.044638354,4546366.705,-88797.94036,-9
715,-0.026531609,9.446108818,28,28,28,28,1.12133463,3.13319353,4546366.448,-88797.94342,-9
716,0.306092143,9.278806686,28,28,28,28,1.124470768,3.13319353,4546366.442,-88797.38557,-3
717,0.028825099,10.29275036,28,28,28,28,1.124470768,3.060831359,4546366.442,-88797.38557,0
718,-0.256796956,9.302848816,25,28,23,28,1.121567923,3.060831359,4546366.435,-88796.83617,0
719,1.118786573,8.931879044,25,25,25,28,1.121567923,3.038559154,4546365.91,-88796.84241,0
720,-0.062533125,9.232068062,25,25,25,28,1.123823087,3.038559154,4546365.903,-88796.29301,0
721,-0.643805563,10.93541145,19,25,19,28,1.123823087,2.999190714,4546365.647,-88796.29607,0
722,-0.080599882,10.19958782,21,21,19,28,1.11992422,2.999190714,4546365.64,-88795.73821,0
723,-0.228475749,9.468107224,21,19,19,28,1.11992422,3.054005934,4546365.383,-88795.74127,0
724,-1.004536152,9.637482643,21,19,19,19,1.116794473,3.054005934,4546365.376,-88795.19187,0
725,0.07518477,9.639852524,19,19,19,19,1.116794473,3.046199304,4546365.131,-88795.19479,1
726,-0.599477112,10.02228642,19,19,23,17,1.120505854,3.046199304,4546365.124,-88794.64539,1
727,-0.739186525,10.00172997,23,21,17,17,1.120505854,3.044742032,4546364.856,-88794.64858,1
728,-0.337575525,8.166077614,17,21,17,17,1.115708436,3.044742032,4546364.85,-88794.10763,1
729,-0.725892544,10.49613285,17,19,19,17,1.115708436,2.986988438,4546364.582,-88794.11082,1
730,-0.301766783,9.547915459,21,19,21,17,1.115652509,2.986988438,4546364.575,-88793.56987,1
731,1.225505352,10.41522789,19,19,19,17,1.115652509,2.970982935,4546364.318,-88793.57293,1
732,-0.275594354,9.91076088,19,19,19,17,1.113843157,2.970982935,4546364.312,-88793.04043,1
733,0.04255129,11.6327486,21,19,21,17,1.113843157,2.899982171,4546364.055,-88793.04349,1
734,-1.358533025,9.044016838,19,19,19,17,1.1118101,2.899982171,4546364.049,-88792.51945,1
735,-0.458510101,10.52529335,21,19,19,17,1.1118101,2.918188052,4546363.803,-88792.52237,1
736,0.424091399,8.469313622,19,19,19,17,1.108431082,2.918188052,4546363.803,-88792.52237,0
737,-0.113844201,10.55491066,17,19,17,17,1.108431082,2.929619937,4546363.546,-88792.52542,0
738,-0.039698265,8.839906693,19,19,21,17,1.107404167,2.929619937,4546363.534,-88791.48579,-5
739,-0.487208933,10.36343575,17,19,17,17,1.107404167,2.860344822,4546363.277,-88791.48884,-5
740,-1.217563987,9.21253109,21,19,21,17,1.107052097,2.860344822,4546363.27,-88790.97325,-5
741,-0.063816085,10.67557526,21,19,21,21,1.107052097,2.881257808,4546363.014,-88790.97631,-5
742,-0.221554324,9.347520828,21,19,21,21,1.106822532,2.881257808,4546363.007,-88790.45227,-5
743,-0.156628564,9.933751106,23,21,23,23,1.106822532,2.878838675,4546363.007,-88790.45227,-6
744,-0.408041954,9.929756165,23,23,21,23,1.10688272,2.878838675,4546362.756,-88789.94805,-6
745,-0.142346829,11.08795834,23,23,23,23,1.10688272,2.779984372,4546362.51,-88789.95097,-6
746,-0.720723927,8.68738842,23,23,23,23,1.108729356,2.779984372,4546362.504,-88789.45228,-6
747,-0.540659308,9.879727364,23,23,23,23,1.108729356,2.805362237,4546362.258,-88789.45521,-6
748,-0.126164153,10.12765503,23,23,23,23,1.106769802,2.805362237,4546362.252,-88788.94807,-6
749,-0.417261153,10.5125103,23,23,23,23,1.106769802,2.867713429,4546361.995,-88788.95112,-10
750,0.069858551,9.069291115,25,23,25,23,1.10944255,2.867713429,4546361.989,-88788.44398,-10
751,0.243883014,10.03764343,23,23,23,23,1.10944255,2.821819416,4546361.732,-88788.44704,-10
752,-0.463017017,8.909235001,23,23,23,23,1.107394047,2.821819416,4546361.726,-88787.94835,-10
753,0.152330026,10.00814438,23,23,23,23,1.107394047,2.803956003,4546361.458,-88787.95154,-10
754,-0.343886495,9.496174812,21,23,21,23,1.110212204,2.803956003,4546361.452,-88787.46131,-10
755,0.702689469,10.35105133,21,23,21,23,1.110212204,2.804565396,4546361.184,-88787.46449,-10
756,-0.500811994,9.372556686,21,23,21,23,1.110633516,2.804565396,4546361.178,-88786.96581,-10
757,0.057731248,9.238232613,21,23,21,23,1.110633516,2.775086132,4546360.91,-88786.96899,-10
758,0.233140543,10.04511929,21,21,21,23,1.111702509,2.775086132,4546360.904,-88786.47031,-10
759,-0.483724415,10.13530731,23,21,23,23,1.111702509,2.799846526,4546360.647,-88786.47336,-10
760,-0.276662797,10.19906139,23,21,23,23,1.111702509,2.799846526,4546360.647,-88786.47336,-10
761,-0.758890986,9.586061478,23,21,23,23,1.111702509,2.793382506,4546360.379,-88786.47655,-10
762,-0.072925188,10.24584675,23,21,23,23,1.11389429,2.793382506,4546360.373,-88785.97786,-10
763,-0.387788981,10.24583149,23,21,23,23,1.11389429,2.799788204,4546360.116,-88785.98092,-10
764,-0.23008284,9.687916756,23,21,25,23,1.110626592,2.799788204,4546360.11,-88785.48223,-10
765,-0.401857078,9.142268181,25,21,25,23,1.110626592,2.779695563,4546359.876,-88785.48502,-10
766,-0.656216681,9.09559536,25,25,25,25,1.117241884,2.779695563,4546359.87,-88784.97788,-10
767,0.533565104,10.70686245,25,25,25,25,1.117241884,2.779695563,4546359.87,-88784.97788,-10
768,-0.428343654,9.953323364,25,25,25,25,1.116701262,2.779695563,4546359.87,-88784.97788,-10
769,-0.330290467,9.997909546,25,25,25,25,1.116701262,2.761733879,4546359.133,-88784.98665,-10
770,-0.064300373,10.14283466,25,25,25,25,1.115061287,2.761733879,4546359.115,-88783.49904,-10
771,-0.359620154,9.759079933,25,25,25,25,1.115061287,2.810930555,4546358.858,-88783.5021,-10
772,0.074226767,10.44548512,25,25,25,25,1.119312758,2.810930555,4546358.852,-88783.01186,-10
773,-0.094393633,9.354629517,25,25,25,25,1.119312758,2.810930555,4546358.852,-88783.01186,-10
774,-0.401463926,9.592155457,23,25,23,25,1.117203002,2.810930555,4546358.852,-88783.01186,-10
775,-0.197944239,9.826252937,23,23,23,25,1.117203002,2.762016899,4546358.64,-88783.01439,-10
776,0.276220858,10.30803967,23,23,23,25,1.115496448,2.762016899,4546358.634,-88782.4988,-10
777,-0.252596438,9.379058838,23,23,23,25,1.115496448,2.801930538,4546358.399,-88782.50158,-10
778,-0.052687481,9.504007339,23,23,23,25,1.12027043,2.801930538,4546358.387,-88781.49576,-10
779,-0.253683686,9.497394562,23,23,23,25,1.12027043,2.771461479,4546358.13,-88781.49881,-10
780,-0.057189129,10.23551559,23,23,23,25,1.121720255,2.771461479,4546358.13,-88781.49881,-10
781,-0.220087826,9.794269562,23,23,23,25,1.121720255,2.749368139,4546357.951,-88781.50094,-11
782,-0.202369735,9.786881447,23,23,23,23,1.12284837,2.749368139,4546357.946,-88781.06142,-11
783,-0.153318733,9.18287468,23,23,23,23,1.12284837,2.785682499,4546357.767,-88781.06354,-11
784,-0.383889735,9.637500763,23,23,23,23,1.121122109,2.785682499,4546357.762,-88780.60712,-11
785,0.20189546,10.60316753,21,23,23,23,1.121122109,2.743139948,4546357.572,-88780.60938,-11
786,-0.348310381,10.03334618,21,23,21,23,1.126255086,2.743139948,4546357.566,-88780.13605,-11
787,-0.245586097,9.485777855,21,23,19,23,1.126255086,2.728807602,4546357.354,-88780.13857,-11
788,-0.182448804,9.946269989,5,12,7,23,1.12583697,2.728807602,4546357.349,-88779.66524,-11
789,-0.691473663,9.984737396,0,0,0,0,1.12583697,2.752146062,4546357.125,-88779.6679,-11
790,-0.708046973,9.744902611,0,0,0,0,1.126006879,2.752146062,4546357.12,-88779.19457,-11
791,-0.460885823,9.740871429,0,0,0,0,1.126006879,2.775261921,4546356.907,-88779.19709,-4
792,-0.617348433,9.836461067,0,0,0,0,1.125638298,2.775261921,4546356.901,-88778.69841,-4
793,-0.422821611,9.827209473,0,0,0,0,1.125638298,2.699385331,4546356.689,-88778.70093,-4
794,-0.979219913,9.662820816,0,0,0,0,1.127964835,2.699385331,4546356.683,-88778.2107,-4
795,-0.512361765,9.479492188,0,0,0,0,1.127964835,2.627188129,4546356.683,-88778.2107,-4
796,-0.339447707,9.686366081,0,0,0,0,1.127938204,2.627188129,4546356.677,-88777.72891,-4
797,-0.963691473,10.09606743,0,0,0,0,1.127938204,2.604330235,4546356.208,-88777.73449,-4
798,-0.638034225,9.94438839,0,0,0,0,1.126064936,2.604330235,4546356.197,-88776.78783,-4
799,-0.470004171,9.706756592,0,0,0,0,1.126064936,2.479665181,4546355.985,-88776.79036,-4
800,-0.23028487,10.00105,0,0,0,0,1.128540078,2.479665181,4546355.979,-88776.34238,-4
801,-0.571776927,9.543017387,0,0,0,0,1.128540078,2.393244039,4546355.778,-88776.34477,-4
802,-0.596864581,9.635991097,0,0,0,0,1.128205053,2.393244039,4546355.773,-88775.91371,-4
803,-0.64093107,9.428061485,0,0,0,0,1.128205053,2.355823757,4546355.561,-88775.91623,-4
804,-0.079346061,10.177845,0,0,0,0,1.127441258,2.355823757,4546355.556,-88775.46826,-4
805,-0.750216603,10.06778908,0,0,0,0,1.127441258,2.337816744,4546355.399,-88775.47012,-4
806,-0.592773438,10.09976864,0,0,0,0,1.127904648,2.337816744,4546355.394,-88775.03905,-4
807,-0.536573231,10.12734127,0,0,0,0,1.127904648,2.211823342,4546355.238,-88775.04091,-4
808,-0.832645714,9.40845108,0,0,0,0,1.129791764,2.211823342,4546355.233,-88774.6352,-4
809,-0.403444827,9.813446045,0,0,0,0,1.129791764,2.181086754,4546355.065,-88774.63719,-4
810,-0.431105405,10.13229179,0,0,0,0,1.130996578,2.181086754,4546355.061,-88774.23148,-4
811,-0.518810451,9.640119553,0,0,0,0,1.130996578,2.102956869,4546354.893,-88774.23347,-4
812,-0.622680783,9.44964695,0,0,0,0,1.130000556,2.102956869,4546354.888,-88773.84466,-4
813,-0.224028274,9.37022686,0,0,0,0,1.130000556,1.969113082,4546354.743,-88773.84639,-4
814,-0.315975755,9.890239716,0,0,0,0,1.1312075,1.969113082,4546354.739,-88773.47449,-4
815,-0.597547174,10.32282352,0,0,0,0,1.1312075,1.929622813,4546354.582,-88773.47635,-4
816,-0.732234299,10.05879784,0,0,0,0,1.13188927,1.929622813,4546354.578,-88773.13825,-4
817,-0.13949737,9.781062126,0,0,0,0,1.13188927,1.819577125,4546354.422,-88773.14011,-4
818,-0.718068182,9.44174099,0,0,0,0,1.131965969,1.819577125,4546354.418,-88772.80202,-4
819,-0.851662338,10.03028297,0,0,0,0,1.131965969,1.788937551,4546354.273,-88772.80375,-4
820,-0.498074114,10.27256393,0,0,0,0,1.132215773,1.788937551,4546354.269,-88772.47411,-4
821,-1.097662926,9.797872543,0,0,0,0,1.132215773,1.769702695,4546354.123,-88772.47583,-4
822,-0.957187474,9.817420006,0,0,0,0,1.13245599,1.769702695,4546354.12,-88772.17155,-4
823,-0.839771807,10.01770782,0,0,0,0,1.13245599,1.638594271,4546353.963,-88772.17341,-4
824,-0.672063947,9.743179321,0,0,0,0,1.131586735,1.638594271,4546353.96,-88771.86913,-4
825,-0.95651722,9.850619316,0,0,0,0,1.131586735,1.636780066,4546353.826,-88771.87072,-4
826,-0.916296303,9.588825226,0,0,0,0,1.131586735,1.636780066,4546353.822,-88771.59179,-4
827,-0.428891063,9.872903824,0,0,0,0,1.131586735,1.412911228,4546353.711,-88771.59312,-4
828,-0.685712278,9.675017357,0,0,0,0,1.131842931,1.412911228,4546353.708,-88771.348,-4
829,-0.497529745,10.026227,0,0,0,0,1.131842931,1.326423199,4546353.596,-88771.34933,-4
830,-0.372974575,10.05049419,0,0,0,0,1.131842931,1.326423199,4546353.596,-88771.34933,-4
831,-0.581337929,9.671825409,0,0,0,0,1.131842931,1.200619718,4546353.484,-88771.35066,-4
832,-0.536510766,9.56692028,0,0,0,0,1.133814735,1.200619718,4546353.482,-88771.11399,-4
833,-0.480827272,9.658254623,0,0,0,0,1.133814735,1.200619718,4546353.482,-88771.11399,-4
834,-0.589140534,10.05254936,0,0,0,0,1.133814735,1.200619718,4546353.482,-88771.11399,-4
835,-0.525952339,9.96446991,0,0,0,0,1.133814735,1.200619718,4546353.482,-88771.11399,-2
836,-0.482998461,9.663155556,0,0,0,0,1.133814735,1.200619718,4546353.482,-88771.11399,-2
837,-0.418769747,9.575663567,0,0,0,0,1.133814735,1.200619718,4546353.482,-88771.11399,-2
838,-0.541598678,9.58712101,0,0,0,0,1.133814735,1.200619718,4546353.482,-88771.11399,-2
839,-0.64475745,9.752614021,0,0,0,0,1.133814735,1.200619718,4546353.482,-88771.11399,-2
840,-0.709736943,10.05364418,0,0,0,0,1.133814735,1.200619718,4546353.482,-88771.11399,-2
841,-0.696116686,10.07648087,0,0,0,0,1.133814735,1.200619718,4546353.482,-88771.11399,-2
842,-0.696116686,10.07648087,0,0,0,0,1.133814735,1.200619718,4546353.482,-88771.11399,-2
843,-0.696116686,10.07648087,0,0,0,0,1.133814735,1.200619718,4546353.482,-88771.11399,-2
844,-0.696116686,10.07648087,0,0,0,0,1.133814735,1.200619718,4546353.482,-88771.11399,-2
845,-0.696116686,10.07648087,0,0,0,0,1.133814735,1.200619718,4546353.482,-88771.11399,-2
846,-0.696116686,10.07648087,0,0,0,0,1.133814735,1.200619718,4546353.482,-88771.11399,-2
847,-0.696116686,10.07648087,0,0,0,0,1.133814735,1.200619718,4546353.482,-88771.11399,-2
848,-0.696116686,10.07648087,0,0,0,0,1.133814735,1.200619718,4546353.482,-88771.11399,-2
849,-0.696116686,10.07648087,0,0,0,0,1.133814735,1.200619718,4546353.482,-88771.11399,-2
850,-0.696116686,10.07648087,0,0,0,0,1.133814735,1.200619718,4546353.482,-88771.11399,-2
851,-0.696116686,10.07648087,0,0,0,0,1.133814735,1.200619718,4546353.482,-88771.11399,-2
852,-0.696116686,10.07648087,0,0,0,0,1.133814735,1.200619718,4546353.482,-88771.11399,-2
853,-0.696116686,10.07648087,0,0,0,0,1.133814735,1.200619718,4546353.482,-88771.11399,-2
854,-0.696116686,10.07648087,0,0,0,0,1.133814735,1.200619718,4546353.482,-88771.11399,-2
855,-0.696116686,10.07648087,0,0,0,0,1.133814735,1.200619718,4546353.482,-88771.11399,-2
856,-0.696116686,10.07648087,0,0,0,0,1.133814735,1.200619718,4546353.482,-88771.11399,-2
857,-0.696116686,10.07648087,0,0,0,0,1.133814735,1.200619718,4546353.482,-88771.11399,-2
858,-0.696116686,10.07648087,0,0,0,0,1.133814735,1.200619718,4546353.482,-88771.11399,-2
859,-0.696116686,10.07648087,0,0,0,0,1.133814735,1.200619718,4546353.482,-88771.11399,-2
860,-0.696116686,10.07648087,0,0,0,0,1.133814735,1.200619718,4546353.482,-88771.11399,-2
861,-0.696116686,10.07648087,0,0,0,0,1.133814735,1.200619718,4546353.482,-88771.11399,-2
862,-0.696116686,10.07648087,0,0,0,0,1.133814735,1.200619718,4546353.482,-88771.11399,-2
863,-0.696116686,10.07648087,0,0,0,0,1.133814735,1.200619718,4546353.482,-88771.11399,-2
864,-0.696116686,10.07648087,0,0,0,0,1.133814735,1.200619718,4546353.482,-88771.11399,-2
865,-0.696116686,10.07648087,0,0,0,0,1.133814735,1.200619718,4546353.482,-88771.11399,-2
